2025-12-03 00:50:22.301 [/] INFO  [main] c.p.jwt.JwtApplication - Starting JwtApplication using Java 17.0.13 with PID 1864 (C:\Users\femer\Downloads\DESARROLLO_BOOTCAMP\PROJECT_SPRING_SECURITY\target\classes started by femer in C:\Users\femer\Downloads\DESARROLLO_BOOTCAMP\PROJECT_SPRING_SECURITY)
2025-12-03 00:50:22.313 [/] DEBUG [main] c.p.jwt.JwtApplication - Running with Spring Boot v3.3.4, Spring v6.1.13
2025-12-03 00:50:22.315 [/] INFO  [main] c.p.jwt.JwtApplication - No active profile set, falling back to 1 default profile: "default"
2025-12-03 00:50:24.350 [/] INFO  [main] o.s.d.r.c.RepositoryConfigurationDelegate - Bootstrapping Spring Data JPA repositories in DEFAULT mode.
2025-12-03 00:50:24.465 [/] INFO  [main] o.s.d.r.c.RepositoryConfigurationDelegate - Finished Spring Data repository scanning in 95 ms. Found 2 JPA repository interfaces.
2025-12-03 00:50:25.825 [/] INFO  [main] o.s.b.w.e.tomcat.TomcatWebServer - Tomcat initialized with port 9100 (http)
2025-12-03 00:50:25.860 [/] INFO  [main] o.a.catalina.core.StandardService - Starting service [Tomcat]
2025-12-03 00:50:25.860 [/] INFO  [main] o.a.catalina.core.StandardEngine - Starting Servlet engine: [Apache Tomcat/10.1.30]
2025-12-03 00:50:26.003 [/] INFO  [main] o.a.c.c.C.[Tomcat].[localhost].[/] - Initializing Spring embedded WebApplicationContext
2025-12-03 00:50:26.003 [/] INFO  [main] o.s.b.w.s.c.ServletWebServerApplicationContext - Root WebApplicationContext: initialization completed in 3562 ms
2025-12-03 00:50:26.051 [/] INFO  [main] com.zaxxer.hikari.HikariDataSource - HikariPool-1 - Starting...
2025-12-03 00:50:26.503 [/] INFO  [main] com.zaxxer.hikari.pool.HikariPool - HikariPool-1 - Added connection conn0: url=jdbc:h2:mem:testdb user=SA
2025-12-03 00:50:26.507 [/] INFO  [main] com.zaxxer.hikari.HikariDataSource - HikariPool-1 - Start completed.
2025-12-03 00:50:26.527 [/] INFO  [main] o.s.b.a.h.H2ConsoleAutoConfiguration - H2 console available at '/h2-console'. Database available at 'jdbc:h2:mem:testdb'
2025-12-03 00:50:26.737 [/] INFO  [main] o.h.jpa.internal.util.LogHelper - HHH000204: Processing PersistenceUnitInfo [name: default]
2025-12-03 00:50:26.860 [/] INFO  [main] org.hibernate.Version - HHH000412: Hibernate ORM core version 6.5.3.Final
2025-12-03 00:50:26.960 [/] INFO  [main] o.h.c.i.RegionFactoryInitiator - HHH000026: Second-level cache disabled
2025-12-03 00:50:27.565 [/] INFO  [main] o.s.o.j.p.SpringPersistenceUnitInfo - No LoadTimeWeaver setup: ignoring JPA class transformer
2025-12-03 00:50:27.665 [/] WARN  [main] org.hibernate.orm.deprecation - HHH90000025: H2Dialect does not need to be specified explicitly using 'hibernate.dialect' (remove the property setting and it will be selected by default)
2025-12-03 00:50:29.235 [/] INFO  [main] o.h.e.t.j.p.i.JtaPlatformInitiator - HHH000489: No JTA platform available (set 'hibernate.transaction.jta.platform' to enable JTA platform integration)
2025-12-03 00:50:29.251 [/] DEBUG [main] org.hibernate.SQL - drop table if exists _user cascade 
2025-12-03 00:50:29.260 [/] DEBUG [main] org.hibernate.SQL - drop table if exists token cascade 
2025-12-03 00:50:29.260 [/] DEBUG [main] org.hibernate.SQL - drop sequence if exists token_seq
2025-12-03 00:50:29.267 [/] DEBUG [main] org.hibernate.SQL - create sequence token_seq start with 1 increment by 50
2025-12-03 00:50:29.272 [/] DEBUG [main] org.hibernate.SQL - create table _user (id integer generated by default as identity, email varchar(255) unique, name varchar(255), password varchar(255), role enum ('ADMIN','EDITOR'), primary key (id))
2025-12-03 00:50:29.285 [/] DEBUG [main] org.hibernate.SQL - create table token (expired boolean not null, id integer not null, revoked boolean not null, user_id integer, token varchar(255) unique, token_category enum ('ACCESS','REFRESH'), token_type enum ('BEARER'), primary key (id))
2025-12-03 00:50:29.285 [/] DEBUG [main] org.hibernate.SQL - alter table if exists token add constraint FKiblu4cjwvyntq3ugo31klp1c6 foreign key (user_id) references _user
2025-12-03 00:50:29.306 [/] INFO  [main] o.s.o.j.LocalContainerEntityManagerFactoryBean - Initialized JPA EntityManagerFactory for persistence unit 'default'
2025-12-03 00:50:29.564 [/] DEBUG [main] o.h.s.internal.StatisticsInitiator - Statistics initialized [enabled=false]
2025-12-03 00:50:29.856 [/] INFO  [main] o.s.d.j.r.query.QueryEnhancerFactory - Hibernate is in classpath; If applicable, HQL parser will be used.
2025-12-03 00:50:30.675 [/] DEBUG [main] c.p.j.config.JwtAuthenticationFilter - Filter 'jwtAuthenticationFilter' configured for use
2025-12-03 00:50:30.805 [/] INFO  [main] o.s.s.c.a.a.c.InitializeAuthenticationProviderBeanManagerConfigurer$InitializeAuthenticationProviderManagerConfigurer - Global AuthenticationManager configured with AuthenticationProvider bean with name authenticationProvider
2025-12-03 00:50:30.805 [/] WARN  [main] o.s.s.c.a.a.c.InitializeUserDetailsBeanManagerConfigurer$InitializeUserDetailsManagerConfigurer - Global AuthenticationManager configured with an AuthenticationProvider bean. UserDetailsService beans will not be used for username/password login. Consider removing the AuthenticationProvider bean. Alternatively, consider using the UserDetailsService in a manually instantiated DaoAuthenticationProvider.
2025-12-03 00:50:31.061 [/] WARN  [main] o.s.b.a.o.j.JpaBaseConfiguration$JpaWebConfiguration - spring.jpa.open-in-view is enabled by default. Therefore, database queries may be performed during view rendering. Explicitly configure spring.jpa.open-in-view to disable this warning
2025-12-03 00:50:31.351 [/] DEBUG [main] o.s.w.s.m.m.a.RequestMappingHandlerMapping - 24 mappings in 'requestMappingHandlerMapping'
2025-12-03 00:50:31.519 [/] DEBUG [main] o.s.w.s.h.SimpleUrlHandlerMapping - Patterns [/webjars/**, /**, /swagger-ui*/*swagger-initializer.js, /swagger-ui*/**] in 'resourceHandlerMapping'
2025-12-03 00:50:31.616 [/] DEBUG [main] o.s.s.web.DefaultSecurityFilterChain - Will secure any request with filters: DisableEncodeUrlFilter, WebAsyncManagerIntegrationFilter, SecurityContextHolderFilter, HeaderWriterFilter, LogoutFilter, JwtAuthenticationFilter, RequestCacheAwareFilter, SecurityContextHolderAwareRequestFilter, AnonymousAuthenticationFilter, SessionManagementFilter, ExceptionTranslationFilter, AuthorizationFilter
2025-12-03 00:50:31.786 [/] DEBUG [main] o.s.w.s.m.m.a.RequestMappingHandlerAdapter - ControllerAdvice beans: 0 @ModelAttribute, 0 @InitBinder, 1 RequestBodyAdvice, 1 ResponseBodyAdvice
2025-12-03 00:50:31.872 [/] DEBUG [main] o.s.w.s.m.m.a.ExceptionHandlerExceptionResolver - ControllerAdvice beans: 2 @ExceptionHandler, 1 ResponseBodyAdvice
2025-12-03 00:50:32.156 [/] INFO  [main] o.s.b.w.e.tomcat.TomcatWebServer - Tomcat started on port 9100 (http) with context path '/'
2025-12-03 00:50:32.175 [/] INFO  [main] c.p.jwt.JwtApplication - Started JwtApplication in 10.792 seconds (process running for 11.496)
2025-12-03 00:52:22.292 [/] INFO  [http-nio-9100-exec-1] o.a.c.c.C.[Tomcat].[localhost].[/] - Initializing Spring DispatcherServlet 'dispatcherServlet'
2025-12-03 00:52:22.292 [/] INFO  [http-nio-9100-exec-1] o.s.web.servlet.DispatcherServlet - Initializing Servlet 'dispatcherServlet'
2025-12-03 00:52:22.292 [/] DEBUG [http-nio-9100-exec-1] o.s.web.servlet.DispatcherServlet - Detected StandardServletMultipartResolver
2025-12-03 00:52:22.292 [/] DEBUG [http-nio-9100-exec-1] o.s.web.servlet.DispatcherServlet - Detected AcceptHeaderLocaleResolver
2025-12-03 00:52:22.292 [/] DEBUG [http-nio-9100-exec-1] o.s.web.servlet.DispatcherServlet - Detected FixedThemeResolver
2025-12-03 00:52:22.292 [/] DEBUG [http-nio-9100-exec-1] o.s.web.servlet.DispatcherServlet - Detected org.springframework.web.servlet.view.DefaultRequestToViewNameTranslator@74c0da40
2025-12-03 00:52:22.295 [/] DEBUG [http-nio-9100-exec-1] o.s.web.servlet.DispatcherServlet - Detected org.springframework.web.servlet.support.SessionFlashMapManager@491ef90c
2025-12-03 00:52:22.295 [/] DEBUG [http-nio-9100-exec-1] o.s.web.servlet.DispatcherServlet - enableLoggingRequestDetails='false': request parameters and headers will be masked to prevent unsafe logging of potentially sensitive data
2025-12-03 00:52:22.295 [/] INFO  [http-nio-9100-exec-1] o.s.web.servlet.DispatcherServlet - Completed initialization in 3 ms
2025-12-03 00:52:22.324 [/] DEBUG [http-nio-9100-exec-1] o.s.security.web.FilterChainProxy - Securing POST /api/v1/auth/register
2025-12-03 00:52:22.334 [/] DEBUG [http-nio-9100-exec-1] c.p.j.config.JwtAuthenticationFilter - Processing request: POST /api/v1/auth/register
2025-12-03 00:52:22.334 [/] DEBUG [http-nio-9100-exec-1] c.p.j.config.JwtAuthenticationFilter - Skipping JWT filter completely for public path: /api/v1/auth/register
2025-12-03 00:52:22.338 [/] DEBUG [http-nio-9100-exec-1] o.s.s.w.a.AnonymousAuthenticationFilter - Set SecurityContextHolder to anonymous SecurityContext
2025-12-03 00:52:22.340 [/] DEBUG [http-nio-9100-exec-1] o.s.security.web.FilterChainProxy - Secured POST /api/v1/auth/register
2025-12-03 00:52:22.342 [/] DEBUG [http-nio-9100-exec-1] o.s.web.servlet.DispatcherServlet - POST "/api/v1/auth/register", parameters={}
2025-12-03 00:52:22.345 [/] DEBUG [http-nio-9100-exec-1] o.s.w.s.m.m.a.RequestMappingHandlerMapping - Mapped to com.programandoenjava.jwt.auth.controller.AuthController#register(RegisterRequest)
2025-12-03 00:52:22.482 [/] DEBUG [http-nio-9100-exec-1] o.s.w.s.m.m.a.RequestResponseBodyMethodProcessor - Read "application/json;charset=UTF-8" to [RegisterRequest[name=Admin User, email=admin@example.com, password=admin123, role=ADMIN]]
2025-12-03 00:52:22.488 [/] DEBUG [http-nio-9100-exec-1] c.p.jwt.auth.service.AuthService - Attempting to register user with email: admin@example.com
2025-12-03 00:52:22.645 [/] DEBUG [http-nio-9100-exec-1] org.hibernate.SQL - select u1_0.id,u1_0.email,u1_0.name,u1_0.password,u1_0.role from _user u1_0 where u1_0.email=?
2025-12-03 00:52:22.801 [/] DEBUG [http-nio-9100-exec-1] c.p.jwt.auth.service.AuthService - Saving new user: admin@example.com
2025-12-03 00:52:22.848 [/] DEBUG [http-nio-9100-exec-1] org.hibernate.SQL - insert into _user (email,name,password,role,id) values (?,?,?,?,default)
2025-12-03 00:52:23.052 [/] DEBUG [http-nio-9100-exec-1] org.hibernate.SQL - select next value for token_seq
2025-12-03 00:52:23.064 [/] DEBUG [http-nio-9100-exec-1] org.hibernate.SQL - insert into token (expired,revoked,token,token_category,token_type,user_id,id) values (?,?,?,?,?,?,?)
2025-12-03 00:52:23.071 [/] WARN  [http-nio-9100-exec-1] o.h.e.jdbc.spi.SqlExceptionHelper - SQL Error: 22001, SQLState: 22001
2025-12-03 00:52:23.071 [/] ERROR [http-nio-9100-exec-1] o.h.e.jdbc.spi.SqlExceptionHelper - Valor demasiado largo para la columna "TOKEN CHARACTER VARYING(255)": "'eyJ0eXAiOiJKV1QiLCJhbGciOiJIUzI1NiJ9.eyJhdXRob3JpdGllcyI6WyJST0xFX0FETUlOIiwiUk... (268)"
Value too long for column "TOKEN CHARACTER VARYING(255)": "'eyJ0eXAiOiJKV1QiLCJhbGciOiJIUzI1NiJ9.eyJhdXRob3JpdGllcyI6WyJST0xFX0FETUlOIiwiUk... (268)"; SQL statement:
insert into token (expired,revoked,token,token_category,token_type,user_id,id) values (?,?,?,?,?,?,?) [22001-224]
2025-12-03 00:52:23.084 [/] ERROR [http-nio-9100-exec-1] c.p.jwt.auth.service.AuthService - Database constraint violation during registration: could not execute statement [Valor demasiado largo para la columna "TOKEN CHARACTER VARYING(255)": "'eyJ0eXAiOiJKV1QiLCJhbGciOiJIUzI1NiJ9.eyJhdXRob3JpdGllcyI6WyJST0xFX0FETUlOIiwiUk... (268)"
Value too long for column "TOKEN CHARACTER VARYING(255)": "'eyJ0eXAiOiJKV1QiLCJhbGciOiJIUzI1NiJ9.eyJhdXRob3JpdGllcyI6WyJST0xFX0FETUlOIiwiUk... (268)"; SQL statement:
insert into token (expired,revoked,token,token_category,token_type,user_id,id) values (?,?,?,?,?,?,?) [22001-224]] [insert into token (expired,revoked,token,token_category,token_type,user_id,id) values (?,?,?,?,?,?,?)]; SQL [insert into token (expired,revoked,token,token_category,token_type,user_id,id) values (?,?,?,?,?,?,?)]
2025-12-03 00:52:23.088 [/] DEBUG [http-nio-9100-exec-1] o.s.w.s.m.m.a.ExceptionHandlerExceptionResolver - Using @ExceptionHandler com.programandoenjava.jwt.config.GlobalExceptionHandler#handleIllegalArgumentException(IllegalArgumentException)
2025-12-03 00:52:23.088 [/] WARN  [http-nio-9100-exec-1] c.p.j.config.GlobalExceptionHandler - Illegal argument exception: Email already registered: admin@example.com
2025-12-03 00:52:23.100 [/] DEBUG [http-nio-9100-exec-1] o.s.w.s.m.m.a.HttpEntityMethodProcessor - Using 'application/json', given [*/*] and supported [application/json, application/*+json]
2025-12-03 00:52:23.101 [/] DEBUG [http-nio-9100-exec-1] o.s.w.s.m.m.a.HttpEntityMethodProcessor - Writing [{error=Bad Request, message=Email already registered: admin@example.com, timestamp=2025-12-03T00:52: (truncated)...]
2025-12-03 00:52:23.114 [/] DEBUG [http-nio-9100-exec-1] o.s.w.s.m.m.a.ExceptionHandlerExceptionResolver - Resolved [java.lang.IllegalArgumentException: Email already registered: admin@example.com]
2025-12-03 00:52:23.114 [/] DEBUG [http-nio-9100-exec-1] o.s.web.servlet.DispatcherServlet - Completed 400 BAD_REQUEST
2025-12-03 00:53:12.234 [/] DEBUG [http-nio-9100-exec-4] o.s.security.web.FilterChainProxy - Securing GET /h2-console
2025-12-03 00:53:12.234 [/] DEBUG [http-nio-9100-exec-4] c.p.j.config.JwtAuthenticationFilter - Processing request: GET /h2-console
2025-12-03 00:53:12.234 [/] DEBUG [http-nio-9100-exec-4] c.p.j.config.JwtAuthenticationFilter - Skipping JWT filter completely for public path: /h2-console
2025-12-03 00:53:12.235 [/] DEBUG [http-nio-9100-exec-4] o.s.s.w.a.AnonymousAuthenticationFilter - Set SecurityContextHolder to anonymous SecurityContext
2025-12-03 00:53:12.236 [/] DEBUG [http-nio-9100-exec-4] o.s.security.web.FilterChainProxy - Secured GET /h2-console
2025-12-03 00:53:12.248 [/] DEBUG [http-nio-9100-exec-5] o.s.security.web.FilterChainProxy - Securing GET /h2-console/
2025-12-03 00:53:12.248 [/] DEBUG [http-nio-9100-exec-5] c.p.j.config.JwtAuthenticationFilter - Processing request: GET /h2-console/
2025-12-03 00:53:12.248 [/] DEBUG [http-nio-9100-exec-5] c.p.j.config.JwtAuthenticationFilter - Skipping JWT filter completely for public path: /h2-console
2025-12-03 00:53:12.248 [/] DEBUG [http-nio-9100-exec-5] o.s.s.w.a.AnonymousAuthenticationFilter - Set SecurityContextHolder to anonymous SecurityContext
2025-12-03 00:53:12.249 [/] DEBUG [http-nio-9100-exec-5] o.s.security.web.FilterChainProxy - Secured GET /h2-console/
2025-12-03 00:58:47.353 [/] DEBUG [http-nio-9100-exec-7] o.s.security.web.FilterChainProxy - Securing GET /h2-console
2025-12-03 00:58:47.354 [/] DEBUG [http-nio-9100-exec-7] c.p.j.config.JwtAuthenticationFilter - Processing request: GET /h2-console
2025-12-03 00:58:47.354 [/] DEBUG [http-nio-9100-exec-7] c.p.j.config.JwtAuthenticationFilter - Skipping JWT filter completely for public path: /h2-console
2025-12-03 00:58:47.354 [/] DEBUG [http-nio-9100-exec-7] o.s.s.w.a.AnonymousAuthenticationFilter - Set SecurityContextHolder to anonymous SecurityContext
2025-12-03 00:58:47.354 [/] DEBUG [http-nio-9100-exec-7] o.s.security.web.FilterChainProxy - Secured GET /h2-console
2025-12-03 00:58:47.360 [/] DEBUG [http-nio-9100-exec-9] o.s.security.web.FilterChainProxy - Securing GET /h2-console/
2025-12-03 00:58:47.361 [/] DEBUG [http-nio-9100-exec-9] c.p.j.config.JwtAuthenticationFilter - Processing request: GET /h2-console/
2025-12-03 00:58:47.361 [/] DEBUG [http-nio-9100-exec-9] c.p.j.config.JwtAuthenticationFilter - Skipping JWT filter completely for public path: /h2-console
2025-12-03 00:58:47.361 [/] DEBUG [http-nio-9100-exec-9] o.s.s.w.a.AnonymousAuthenticationFilter - Set SecurityContextHolder to anonymous SecurityContext
2025-12-03 00:58:47.361 [/] DEBUG [http-nio-9100-exec-9] o.s.security.web.FilterChainProxy - Secured GET /h2-console/
2025-12-03 01:06:20.250 [/] INFO  [SpringApplicationShutdownHook] o.s.o.j.LocalContainerEntityManagerFactoryBean - Closing JPA EntityManagerFactory for persistence unit 'default'
2025-12-03 01:06:20.251 [/] DEBUG [SpringApplicationShutdownHook] org.hibernate.SQL - drop table if exists _user cascade 
2025-12-03 01:06:20.251 [/] DEBUG [SpringApplicationShutdownHook] org.hibernate.SQL - drop table if exists token cascade 
2025-12-03 01:06:20.251 [/] DEBUG [SpringApplicationShutdownHook] org.hibernate.SQL - drop sequence if exists token_seq
2025-12-03 01:06:20.256 [/] INFO  [SpringApplicationShutdownHook] com.zaxxer.hikari.HikariDataSource - HikariPool-1 - Shutdown initiated...
2025-12-03 01:06:20.260 [/] INFO  [SpringApplicationShutdownHook] com.zaxxer.hikari.HikariDataSource - HikariPool-1 - Shutdown completed.
2025-12-03 01:06:26.075 [/] INFO  [main] c.p.jwt.JwtApplication - Starting JwtApplication using Java 17.0.13 with PID 28452 (C:\Users\femer\Downloads\DESARROLLO_BOOTCAMP\PROJECT_SPRING_SECURITY\target\classes started by femer in C:\Users\femer\Downloads\DESARROLLO_BOOTCAMP\PROJECT_SPRING_SECURITY)
2025-12-03 01:06:26.081 [/] DEBUG [main] c.p.jwt.JwtApplication - Running with Spring Boot v3.3.4, Spring v6.1.13
2025-12-03 01:06:26.082 [/] INFO  [main] c.p.jwt.JwtApplication - No active profile set, falling back to 1 default profile: "default"
2025-12-03 01:06:27.779 [/] INFO  [main] o.s.d.r.c.RepositoryConfigurationDelegate - Bootstrapping Spring Data JPA repositories in DEFAULT mode.
2025-12-03 01:06:27.911 [/] INFO  [main] o.s.d.r.c.RepositoryConfigurationDelegate - Finished Spring Data repository scanning in 106 ms. Found 2 JPA repository interfaces.
2025-12-03 01:06:29.089 [/] INFO  [main] o.s.b.w.e.tomcat.TomcatWebServer - Tomcat initialized with port 9100 (http)
2025-12-03 01:06:29.121 [/] INFO  [main] o.a.catalina.core.StandardService - Starting service [Tomcat]
2025-12-03 01:06:29.122 [/] INFO  [main] o.a.catalina.core.StandardEngine - Starting Servlet engine: [Apache Tomcat/10.1.30]
2025-12-03 01:06:29.238 [/] INFO  [main] o.a.c.c.C.[Tomcat].[localhost].[/] - Initializing Spring embedded WebApplicationContext
2025-12-03 01:06:29.238 [/] INFO  [main] o.s.b.w.s.c.ServletWebServerApplicationContext - Root WebApplicationContext: initialization completed in 3063 ms
2025-12-03 01:06:29.295 [/] INFO  [main] com.zaxxer.hikari.HikariDataSource - HikariPool-1 - Starting...
2025-12-03 01:06:29.578 [/] INFO  [main] com.zaxxer.hikari.pool.HikariPool - HikariPool-1 - Added connection conn0: url=jdbc:h2:mem:testdb user=SA
2025-12-03 01:06:29.582 [/] INFO  [main] com.zaxxer.hikari.HikariDataSource - HikariPool-1 - Start completed.
2025-12-03 01:06:29.598 [/] INFO  [main] o.s.b.a.h.H2ConsoleAutoConfiguration - H2 console available at '/h2-console'. Database available at 'jdbc:h2:mem:testdb'
2025-12-03 01:06:29.785 [/] INFO  [main] o.h.jpa.internal.util.LogHelper - HHH000204: Processing PersistenceUnitInfo [name: default]
2025-12-03 01:06:29.938 [/] INFO  [main] org.hibernate.Version - HHH000412: Hibernate ORM core version 6.5.3.Final
2025-12-03 01:06:29.988 [/] INFO  [main] o.h.c.i.RegionFactoryInitiator - HHH000026: Second-level cache disabled
2025-12-03 01:06:30.579 [/] INFO  [main] o.s.o.j.p.SpringPersistenceUnitInfo - No LoadTimeWeaver setup: ignoring JPA class transformer
2025-12-03 01:06:30.661 [/] WARN  [main] org.hibernate.orm.deprecation - HHH90000025: H2Dialect does not need to be specified explicitly using 'hibernate.dialect' (remove the property setting and it will be selected by default)
2025-12-03 01:06:32.177 [/] INFO  [main] o.h.e.t.j.p.i.JtaPlatformInitiator - HHH000489: No JTA platform available (set 'hibernate.transaction.jta.platform' to enable JTA platform integration)
2025-12-03 01:06:32.190 [/] DEBUG [main] org.hibernate.SQL - drop table if exists _user cascade 
2025-12-03 01:06:32.195 [/] DEBUG [main] org.hibernate.SQL - drop table if exists token cascade 
2025-12-03 01:06:32.195 [/] DEBUG [main] org.hibernate.SQL - drop sequence if exists token_seq
2025-12-03 01:06:32.199 [/] DEBUG [main] org.hibernate.SQL - create sequence token_seq start with 1 increment by 50
2025-12-03 01:06:32.204 [/] DEBUG [main] org.hibernate.SQL - create table _user (id integer generated by default as identity, email varchar(255) unique, name varchar(255), password varchar(255), role enum ('ADMIN','EDITOR'), primary key (id))
2025-12-03 01:06:32.212 [/] DEBUG [main] org.hibernate.SQL - create table token (expired boolean not null, id integer not null, revoked boolean not null, user_id integer, token varchar(255) unique, token_category enum ('ACCESS','REFRESH'), token_type enum ('BEARER'), primary key (id))
2025-12-03 01:06:32.213 [/] DEBUG [main] org.hibernate.SQL - alter table if exists token add constraint FKiblu4cjwvyntq3ugo31klp1c6 foreign key (user_id) references _user
2025-12-03 01:06:32.224 [/] INFO  [main] o.s.o.j.LocalContainerEntityManagerFactoryBean - Initialized JPA EntityManagerFactory for persistence unit 'default'
2025-12-03 01:06:32.401 [/] DEBUG [main] o.h.s.internal.StatisticsInitiator - Statistics initialized [enabled=false]
2025-12-03 01:06:32.691 [/] INFO  [main] o.s.d.j.r.query.QueryEnhancerFactory - Hibernate is in classpath; If applicable, HQL parser will be used.
2025-12-03 01:06:33.460 [/] DEBUG [main] c.p.j.config.JwtAuthenticationFilter - Filter 'jwtAuthenticationFilter' configured for use
2025-12-03 01:06:33.545 [/] INFO  [main] o.s.s.c.a.a.c.InitializeAuthenticationProviderBeanManagerConfigurer$InitializeAuthenticationProviderManagerConfigurer - Global AuthenticationManager configured with AuthenticationProvider bean with name authenticationProvider
2025-12-03 01:06:33.548 [/] WARN  [main] o.s.s.c.a.a.c.InitializeUserDetailsBeanManagerConfigurer$InitializeUserDetailsManagerConfigurer - Global AuthenticationManager configured with an AuthenticationProvider bean. UserDetailsService beans will not be used for username/password login. Consider removing the AuthenticationProvider bean. Alternatively, consider using the UserDetailsService in a manually instantiated DaoAuthenticationProvider.
2025-12-03 01:06:33.808 [/] WARN  [main] o.s.b.a.o.j.JpaBaseConfiguration$JpaWebConfiguration - spring.jpa.open-in-view is enabled by default. Therefore, database queries may be performed during view rendering. Explicitly configure spring.jpa.open-in-view to disable this warning
2025-12-03 01:06:34.092 [/] DEBUG [main] o.s.w.s.m.m.a.RequestMappingHandlerMapping - 24 mappings in 'requestMappingHandlerMapping'
2025-12-03 01:06:34.257 [/] DEBUG [main] o.s.w.s.h.SimpleUrlHandlerMapping - Patterns [/webjars/**, /**, /swagger-ui*/*swagger-initializer.js, /swagger-ui*/**] in 'resourceHandlerMapping'
2025-12-03 01:06:34.331 [/] DEBUG [main] o.s.s.web.DefaultSecurityFilterChain - Will secure any request with filters: DisableEncodeUrlFilter, WebAsyncManagerIntegrationFilter, SecurityContextHolderFilter, HeaderWriterFilter, LogoutFilter, JwtAuthenticationFilter, RequestCacheAwareFilter, SecurityContextHolderAwareRequestFilter, AnonymousAuthenticationFilter, SessionManagementFilter, ExceptionTranslationFilter, AuthorizationFilter
2025-12-03 01:06:34.500 [/] DEBUG [main] o.s.w.s.m.m.a.RequestMappingHandlerAdapter - ControllerAdvice beans: 0 @ModelAttribute, 0 @InitBinder, 1 RequestBodyAdvice, 1 ResponseBodyAdvice
2025-12-03 01:06:34.541 [/] DEBUG [main] o.s.w.s.m.m.a.ExceptionHandlerExceptionResolver - ControllerAdvice beans: 2 @ExceptionHandler, 1 ResponseBodyAdvice
2025-12-03 01:06:34.816 [/] INFO  [main] o.s.b.w.e.tomcat.TomcatWebServer - Tomcat started on port 9100 (http) with context path '/'
2025-12-03 01:06:34.831 [/] INFO  [main] c.p.jwt.JwtApplication - Started JwtApplication in 9.497 seconds (process running for 10.063)
2025-12-03 01:06:54.132 [/] INFO  [http-nio-9100-exec-1] o.a.c.c.C.[Tomcat].[localhost].[/] - Initializing Spring DispatcherServlet 'dispatcherServlet'
2025-12-03 01:06:54.135 [/] INFO  [http-nio-9100-exec-1] o.s.web.servlet.DispatcherServlet - Initializing Servlet 'dispatcherServlet'
2025-12-03 01:06:54.135 [/] DEBUG [http-nio-9100-exec-1] o.s.web.servlet.DispatcherServlet - Detected StandardServletMultipartResolver
2025-12-03 01:06:54.135 [/] DEBUG [http-nio-9100-exec-1] o.s.web.servlet.DispatcherServlet - Detected AcceptHeaderLocaleResolver
2025-12-03 01:06:54.135 [/] DEBUG [http-nio-9100-exec-1] o.s.web.servlet.DispatcherServlet - Detected FixedThemeResolver
2025-12-03 01:06:54.137 [/] DEBUG [http-nio-9100-exec-1] o.s.web.servlet.DispatcherServlet - Detected org.springframework.web.servlet.view.DefaultRequestToViewNameTranslator@62a1bc26
2025-12-03 01:06:54.138 [/] DEBUG [http-nio-9100-exec-1] o.s.web.servlet.DispatcherServlet - Detected org.springframework.web.servlet.support.SessionFlashMapManager@39f1e9fc
2025-12-03 01:06:54.138 [/] DEBUG [http-nio-9100-exec-1] o.s.web.servlet.DispatcherServlet - enableLoggingRequestDetails='false': request parameters and headers will be masked to prevent unsafe logging of potentially sensitive data
2025-12-03 01:06:54.138 [/] INFO  [http-nio-9100-exec-1] o.s.web.servlet.DispatcherServlet - Completed initialization in 3 ms
2025-12-03 01:06:54.179 [/] DEBUG [http-nio-9100-exec-1] o.s.security.web.FilterChainProxy - Securing POST /api/v1/auth/register
2025-12-03 01:06:54.188 [/] DEBUG [http-nio-9100-exec-1] c.p.j.config.JwtAuthenticationFilter - Processing request: POST /api/v1/auth/register
2025-12-03 01:06:54.188 [/] DEBUG [http-nio-9100-exec-1] c.p.j.config.JwtAuthenticationFilter - Skipping JWT filter completely for public path: /api/v1/auth/register
2025-12-03 01:06:54.195 [/] DEBUG [http-nio-9100-exec-1] o.s.s.w.a.AnonymousAuthenticationFilter - Set SecurityContextHolder to anonymous SecurityContext
2025-12-03 01:06:54.199 [/] DEBUG [http-nio-9100-exec-1] o.s.security.web.FilterChainProxy - Secured POST /api/v1/auth/register
2025-12-03 01:06:54.201 [/] DEBUG [http-nio-9100-exec-1] o.s.web.servlet.DispatcherServlet - POST "/api/v1/auth/register", parameters={}
2025-12-03 01:06:54.206 [/] DEBUG [http-nio-9100-exec-1] o.s.w.s.m.m.a.RequestMappingHandlerMapping - Mapped to com.programandoenjava.jwt.auth.controller.AuthController#register(RegisterRequest)
2025-12-03 01:06:54.351 [/] DEBUG [http-nio-9100-exec-1] o.s.w.s.m.m.a.RequestResponseBodyMethodProcessor - Read "application/json;charset=UTF-8" to [RegisterRequest[name=Admin User, email=admin@example.com, password=admin123, role=ADMIN]]
2025-12-03 01:06:54.369 [/] DEBUG [http-nio-9100-exec-1] c.p.jwt.auth.service.AuthService - Attempting to register user with email: admin@example.com
2025-12-03 01:06:54.540 [/] DEBUG [http-nio-9100-exec-1] org.hibernate.SQL - select u1_0.id,u1_0.email,u1_0.name,u1_0.password,u1_0.role from _user u1_0 where u1_0.email=?
2025-12-03 01:06:54.693 [/] DEBUG [http-nio-9100-exec-1] c.p.jwt.auth.service.AuthService - Saving new user: admin@example.com
2025-12-03 01:06:54.755 [/] DEBUG [http-nio-9100-exec-1] org.hibernate.SQL - insert into _user (email,name,password,role,id) values (?,?,?,?,default)
2025-12-03 01:06:54.986 [/] DEBUG [http-nio-9100-exec-1] org.hibernate.SQL - select next value for token_seq
2025-12-03 01:06:55.003 [/] DEBUG [http-nio-9100-exec-1] org.hibernate.SQL - insert into token (expired,revoked,token,token_category,token_type,user_id,id) values (?,?,?,?,?,?,?)
2025-12-03 01:06:55.008 [/] WARN  [http-nio-9100-exec-1] o.h.e.jdbc.spi.SqlExceptionHelper - SQL Error: 22001, SQLState: 22001
2025-12-03 01:06:55.008 [/] ERROR [http-nio-9100-exec-1] o.h.e.jdbc.spi.SqlExceptionHelper - Valor demasiado largo para la columna "TOKEN CHARACTER VARYING(255)": "'eyJ0eXAiOiJKV1QiLCJhbGciOiJIUzI1NiJ9.eyJuYW1lIjoiQWRtaW4gVXNlciIsImF1dGhvcml0aW... (268)"
Value too long for column "TOKEN CHARACTER VARYING(255)": "'eyJ0eXAiOiJKV1QiLCJhbGciOiJIUzI1NiJ9.eyJuYW1lIjoiQWRtaW4gVXNlciIsImF1dGhvcml0aW... (268)"; SQL statement:
insert into token (expired,revoked,token,token_category,token_type,user_id,id) values (?,?,?,?,?,?,?) [22001-224]
2025-12-03 01:06:55.021 [/] ERROR [http-nio-9100-exec-1] c.p.jwt.auth.service.AuthService - Database constraint violation during registration: could not execute statement [Valor demasiado largo para la columna "TOKEN CHARACTER VARYING(255)": "'eyJ0eXAiOiJKV1QiLCJhbGciOiJIUzI1NiJ9.eyJuYW1lIjoiQWRtaW4gVXNlciIsImF1dGhvcml0aW... (268)"
Value too long for column "TOKEN CHARACTER VARYING(255)": "'eyJ0eXAiOiJKV1QiLCJhbGciOiJIUzI1NiJ9.eyJuYW1lIjoiQWRtaW4gVXNlciIsImF1dGhvcml0aW... (268)"; SQL statement:
insert into token (expired,revoked,token,token_category,token_type,user_id,id) values (?,?,?,?,?,?,?) [22001-224]] [insert into token (expired,revoked,token,token_category,token_type,user_id,id) values (?,?,?,?,?,?,?)]; SQL [insert into token (expired,revoked,token,token_category,token_type,user_id,id) values (?,?,?,?,?,?,?)]
2025-12-03 01:06:55.023 [/] DEBUG [http-nio-9100-exec-1] o.s.w.s.m.m.a.ExceptionHandlerExceptionResolver - Using @ExceptionHandler com.programandoenjava.jwt.config.GlobalExceptionHandler#handleIllegalArgumentException(IllegalArgumentException)
2025-12-03 01:06:55.024 [/] WARN  [http-nio-9100-exec-1] c.p.j.config.GlobalExceptionHandler - Illegal argument exception: Email already registered: admin@example.com
2025-12-03 01:06:55.035 [/] DEBUG [http-nio-9100-exec-1] o.s.w.s.m.m.a.HttpEntityMethodProcessor - Using 'application/json', given [*/*] and supported [application/json, application/*+json]
2025-12-03 01:06:55.036 [/] DEBUG [http-nio-9100-exec-1] o.s.w.s.m.m.a.HttpEntityMethodProcessor - Writing [{error=Bad Request, message=Email already registered: admin@example.com, timestamp=2025-12-03T01:06: (truncated)...]
2025-12-03 01:06:55.051 [/] DEBUG [http-nio-9100-exec-1] o.s.w.s.m.m.a.ExceptionHandlerExceptionResolver - Resolved [java.lang.IllegalArgumentException: Email already registered: admin@example.com]
2025-12-03 01:06:55.053 [/] DEBUG [http-nio-9100-exec-1] o.s.web.servlet.DispatcherServlet - Completed 400 BAD_REQUEST
2025-12-03 01:07:27.414 [/] DEBUG [http-nio-9100-exec-3] o.s.security.web.FilterChainProxy - Securing GET /h2-console/
2025-12-03 01:07:27.419 [/] DEBUG [http-nio-9100-exec-3] c.p.j.config.JwtAuthenticationFilter - Processing request: GET /h2-console/
2025-12-03 01:07:27.419 [/] DEBUG [http-nio-9100-exec-3] c.p.j.config.JwtAuthenticationFilter - Skipping JWT filter completely for public path: /h2-console
2025-12-03 01:07:27.419 [/] DEBUG [http-nio-9100-exec-3] o.s.s.w.a.AnonymousAuthenticationFilter - Set SecurityContextHolder to anonymous SecurityContext
2025-12-03 01:07:27.419 [/] DEBUG [http-nio-9100-exec-3] o.s.security.web.FilterChainProxy - Secured GET /h2-console/
2025-12-03 01:07:27.482 [/] DEBUG [http-nio-9100-exec-4] o.s.security.web.FilterChainProxy - Securing GET /h2-console/stylesheet.css
2025-12-03 01:07:27.482 [/] DEBUG [http-nio-9100-exec-4] c.p.j.config.JwtAuthenticationFilter - Processing request: GET /h2-console/stylesheet.css
2025-12-03 01:07:27.482 [/] DEBUG [http-nio-9100-exec-4] c.p.j.config.JwtAuthenticationFilter - Skipping JWT filter completely for public path: /h2-console
2025-12-03 01:07:27.482 [/] DEBUG [http-nio-9100-exec-4] o.s.s.w.a.AnonymousAuthenticationFilter - Set SecurityContextHolder to anonymous SecurityContext
2025-12-03 01:07:27.482 [/] DEBUG [http-nio-9100-exec-4] o.s.security.web.FilterChainProxy - Secured GET /h2-console/stylesheet.css
2025-12-03 01:07:27.538 [/] DEBUG [http-nio-9100-exec-5] o.s.security.web.FilterChainProxy - Securing GET /h2-console/login.jsp?jsessionid=b2837a4343f5337a1b3cf2a117692506
2025-12-03 01:07:27.538 [/] DEBUG [http-nio-9100-exec-5] c.p.j.config.JwtAuthenticationFilter - Processing request: GET /h2-console/login.jsp
2025-12-03 01:07:27.538 [/] DEBUG [http-nio-9100-exec-5] c.p.j.config.JwtAuthenticationFilter - Skipping JWT filter completely for public path: /h2-console
2025-12-03 01:07:27.538 [/] DEBUG [http-nio-9100-exec-5] o.s.s.w.a.AnonymousAuthenticationFilter - Set SecurityContextHolder to anonymous SecurityContext
2025-12-03 01:07:27.538 [/] DEBUG [http-nio-9100-exec-5] o.s.security.web.FilterChainProxy - Secured GET /h2-console/login.jsp?jsessionid=b2837a4343f5337a1b3cf2a117692506
2025-12-03 01:07:27.581 [/] DEBUG [http-nio-9100-exec-6] o.s.security.web.FilterChainProxy - Securing GET /h2-console/background.gif
2025-12-03 01:07:27.581 [/] DEBUG [http-nio-9100-exec-6] c.p.j.config.JwtAuthenticationFilter - Processing request: GET /h2-console/background.gif
2025-12-03 01:07:27.582 [/] DEBUG [http-nio-9100-exec-6] c.p.j.config.JwtAuthenticationFilter - Skipping JWT filter completely for public path: /h2-console
2025-12-03 01:07:27.582 [/] DEBUG [http-nio-9100-exec-6] o.s.s.w.a.AnonymousAuthenticationFilter - Set SecurityContextHolder to anonymous SecurityContext
2025-12-03 01:07:27.582 [/] DEBUG [http-nio-9100-exec-6] o.s.security.web.FilterChainProxy - Secured GET /h2-console/background.gif
2025-12-03 01:07:27.632 [/] DEBUG [http-nio-9100-exec-7] o.s.security.web.FilterChainProxy - Securing GET /favicon.ico
2025-12-03 01:07:27.632 [/] DEBUG [http-nio-9100-exec-7] c.p.j.config.JwtAuthenticationFilter - Processing request: GET /favicon.ico
2025-12-03 01:07:27.632 [/] DEBUG [http-nio-9100-exec-7] c.p.j.config.JwtAuthenticationFilter - No valid Authorization header found for: /favicon.ico
2025-12-03 01:07:27.632 [/] DEBUG [http-nio-9100-exec-7] o.s.s.w.a.AnonymousAuthenticationFilter - Set SecurityContextHolder to anonymous SecurityContext
2025-12-03 01:07:27.636 [/] ERROR [http-nio-9100-exec-7] c.p.jwt.config.SecurityConfig - ❌ Error de autenticación (401): Full authentication is required to access this resource - Path: /favicon.ico
2025-12-03 01:07:35.641 [/] DEBUG [http-nio-9100-exec-8] o.s.security.web.FilterChainProxy - Securing POST /h2-console/login.do?jsessionid=b2837a4343f5337a1b3cf2a117692506
2025-12-03 01:07:35.641 [/] DEBUG [http-nio-9100-exec-8] c.p.j.config.JwtAuthenticationFilter - Processing request: POST /h2-console/login.do
2025-12-03 01:07:35.641 [/] DEBUG [http-nio-9100-exec-8] c.p.j.config.JwtAuthenticationFilter - Skipping JWT filter completely for public path: /h2-console
2025-12-03 01:07:35.641 [/] DEBUG [http-nio-9100-exec-8] o.s.s.w.a.AnonymousAuthenticationFilter - Set SecurityContextHolder to anonymous SecurityContext
2025-12-03 01:07:35.641 [/] DEBUG [http-nio-9100-exec-8] o.s.security.web.FilterChainProxy - Secured POST /h2-console/login.do?jsessionid=b2837a4343f5337a1b3cf2a117692506
2025-12-03 01:07:35.828 [/] DEBUG [http-nio-9100-exec-9] o.s.security.web.FilterChainProxy - Securing GET /h2-console/header.jsp?jsessionid=b2837a4343f5337a1b3cf2a117692506
2025-12-03 01:07:35.828 [/] DEBUG [http-nio-9100-exec-9] c.p.j.config.JwtAuthenticationFilter - Processing request: GET /h2-console/header.jsp
2025-12-03 01:07:35.828 [/] DEBUG [http-nio-9100-exec-9] c.p.j.config.JwtAuthenticationFilter - Skipping JWT filter completely for public path: /h2-console
2025-12-03 01:07:35.828 [/] DEBUG [http-nio-9100-exec-9] o.s.s.w.a.AnonymousAuthenticationFilter - Set SecurityContextHolder to anonymous SecurityContext
2025-12-03 01:07:35.828 [/] DEBUG [http-nio-9100-exec-10] o.s.security.web.FilterChainProxy - Securing GET /h2-console/tables.do?jsessionid=b2837a4343f5337a1b3cf2a117692506
2025-12-03 01:07:35.830 [/] DEBUG [http-nio-9100-exec-10] c.p.j.config.JwtAuthenticationFilter - Processing request: GET /h2-console/tables.do
2025-12-03 01:07:35.830 [/] DEBUG [http-nio-9100-exec-10] c.p.j.config.JwtAuthenticationFilter - Skipping JWT filter completely for public path: /h2-console
2025-12-03 01:07:35.830 [/] DEBUG [http-nio-9100-exec-9] o.s.security.web.FilterChainProxy - Secured GET /h2-console/header.jsp?jsessionid=b2837a4343f5337a1b3cf2a117692506
2025-12-03 01:07:35.830 [/] DEBUG [http-nio-9100-exec-10] o.s.s.w.a.AnonymousAuthenticationFilter - Set SecurityContextHolder to anonymous SecurityContext
2025-12-03 01:07:35.831 [/] DEBUG [http-nio-9100-exec-2] o.s.security.web.FilterChainProxy - Securing GET /h2-console/query.jsp?jsessionid=b2837a4343f5337a1b3cf2a117692506
2025-12-03 01:07:35.831 [/] DEBUG [http-nio-9100-exec-2] c.p.j.config.JwtAuthenticationFilter - Processing request: GET /h2-console/query.jsp
2025-12-03 01:07:35.831 [/] DEBUG [http-nio-9100-exec-2] c.p.j.config.JwtAuthenticationFilter - Skipping JWT filter completely for public path: /h2-console
2025-12-03 01:07:35.831 [/] DEBUG [http-nio-9100-exec-2] o.s.s.w.a.AnonymousAuthenticationFilter - Set SecurityContextHolder to anonymous SecurityContext
2025-12-03 01:07:35.833 [/] DEBUG [http-nio-9100-exec-1] o.s.security.web.FilterChainProxy - Securing GET /h2-console/help.jsp?jsessionid=b2837a4343f5337a1b3cf2a117692506
2025-12-03 01:07:35.833 [/] DEBUG [http-nio-9100-exec-10] o.s.security.web.FilterChainProxy - Secured GET /h2-console/tables.do?jsessionid=b2837a4343f5337a1b3cf2a117692506
2025-12-03 01:07:35.835 [/] DEBUG [http-nio-9100-exec-1] c.p.j.config.JwtAuthenticationFilter - Processing request: GET /h2-console/help.jsp
2025-12-03 01:07:35.836 [/] DEBUG [http-nio-9100-exec-1] c.p.j.config.JwtAuthenticationFilter - Skipping JWT filter completely for public path: /h2-console
2025-12-03 01:07:35.833 [/] DEBUG [http-nio-9100-exec-2] o.s.security.web.FilterChainProxy - Secured GET /h2-console/query.jsp?jsessionid=b2837a4343f5337a1b3cf2a117692506
2025-12-03 01:07:35.836 [/] DEBUG [http-nio-9100-exec-1] o.s.s.w.a.AnonymousAuthenticationFilter - Set SecurityContextHolder to anonymous SecurityContext
2025-12-03 01:07:35.836 [/] DEBUG [http-nio-9100-exec-1] o.s.security.web.FilterChainProxy - Secured GET /h2-console/help.jsp?jsessionid=b2837a4343f5337a1b3cf2a117692506
2025-12-03 01:07:35.858 [/] DEBUG [http-nio-9100-exec-3] o.s.security.web.FilterChainProxy - Securing GET /favicon.ico
2025-12-03 01:07:35.858 [/] DEBUG [http-nio-9100-exec-3] c.p.j.config.JwtAuthenticationFilter - Processing request: GET /favicon.ico
2025-12-03 01:07:35.858 [/] DEBUG [http-nio-9100-exec-3] c.p.j.config.JwtAuthenticationFilter - No valid Authorization header found for: /favicon.ico
2025-12-03 01:07:35.861 [/] DEBUG [http-nio-9100-exec-3] o.s.s.w.a.AnonymousAuthenticationFilter - Set SecurityContextHolder to anonymous SecurityContext
2025-12-03 01:07:35.863 [/] ERROR [http-nio-9100-exec-3] c.p.jwt.config.SecurityConfig - ❌ Error de autenticación (401): Full authentication is required to access this resource - Path: /favicon.ico
2025-12-03 01:07:35.910 [/] DEBUG [http-nio-9100-exec-5] o.s.security.web.FilterChainProxy - Securing GET /h2-console/icon_line.gif
2025-12-03 01:07:35.910 [/] DEBUG [http-nio-9100-exec-5] c.p.j.config.JwtAuthenticationFilter - Processing request: GET /h2-console/icon_line.gif
2025-12-03 01:07:35.910 [/] DEBUG [http-nio-9100-exec-5] c.p.j.config.JwtAuthenticationFilter - Skipping JWT filter completely for public path: /h2-console
2025-12-03 01:07:35.910 [/] DEBUG [http-nio-9100-exec-5] o.s.s.w.a.AnonymousAuthenticationFilter - Set SecurityContextHolder to anonymous SecurityContext
2025-12-03 01:07:35.910 [/] DEBUG [http-nio-9100-exec-5] o.s.security.web.FilterChainProxy - Secured GET /h2-console/icon_line.gif
2025-12-03 01:07:35.910 [/] DEBUG [http-nio-9100-exec-4] o.s.security.web.FilterChainProxy - Securing GET /h2-console/icon_disconnect.gif
2025-12-03 01:07:35.912 [/] DEBUG [http-nio-9100-exec-7] o.s.security.web.FilterChainProxy - Securing GET /h2-console/icon_rollback.gif
2025-12-03 01:07:35.912 [/] DEBUG [http-nio-9100-exec-7] c.p.j.config.JwtAuthenticationFilter - Processing request: GET /h2-console/icon_rollback.gif
2025-12-03 01:07:35.913 [/] DEBUG [http-nio-9100-exec-4] c.p.j.config.JwtAuthenticationFilter - Processing request: GET /h2-console/icon_disconnect.gif
2025-12-03 01:07:35.913 [/] DEBUG [http-nio-9100-exec-4] c.p.j.config.JwtAuthenticationFilter - Skipping JWT filter completely for public path: /h2-console
2025-12-03 01:07:35.913 [/] DEBUG [http-nio-9100-exec-4] o.s.s.w.a.AnonymousAuthenticationFilter - Set SecurityContextHolder to anonymous SecurityContext
2025-12-03 01:07:35.913 [/] DEBUG [http-nio-9100-exec-4] o.s.security.web.FilterChainProxy - Secured GET /h2-console/icon_disconnect.gif
2025-12-03 01:07:35.913 [/] DEBUG [http-nio-9100-exec-7] c.p.j.config.JwtAuthenticationFilter - Skipping JWT filter completely for public path: /h2-console
2025-12-03 01:07:35.914 [/] DEBUG [http-nio-9100-exec-7] o.s.s.w.a.AnonymousAuthenticationFilter - Set SecurityContextHolder to anonymous SecurityContext
2025-12-03 01:07:35.918 [/] DEBUG [http-nio-9100-exec-7] o.s.security.web.FilterChainProxy - Secured GET /h2-console/icon_rollback.gif
2025-12-03 01:07:35.918 [/] DEBUG [http-nio-9100-exec-8] o.s.security.web.FilterChainProxy - Securing GET /h2-console/icon_commit.gif
2025-12-03 01:07:35.918 [/] DEBUG [http-nio-9100-exec-6] o.s.security.web.FilterChainProxy - Securing GET /h2-console/icon_refresh.gif
2025-12-03 01:07:35.921 [/] DEBUG [http-nio-9100-exec-8] c.p.j.config.JwtAuthenticationFilter - Processing request: GET /h2-console/icon_commit.gif
2025-12-03 01:07:35.921 [/] DEBUG [http-nio-9100-exec-6] c.p.j.config.JwtAuthenticationFilter - Processing request: GET /h2-console/icon_refresh.gif
2025-12-03 01:07:35.921 [/] DEBUG [http-nio-9100-exec-8] c.p.j.config.JwtAuthenticationFilter - Skipping JWT filter completely for public path: /h2-console
2025-12-03 01:07:35.921 [/] DEBUG [http-nio-9100-exec-6] c.p.j.config.JwtAuthenticationFilter - Skipping JWT filter completely for public path: /h2-console
2025-12-03 01:07:35.921 [/] DEBUG [http-nio-9100-exec-8] o.s.s.w.a.AnonymousAuthenticationFilter - Set SecurityContextHolder to anonymous SecurityContext
2025-12-03 01:07:35.922 [/] DEBUG [http-nio-9100-exec-8] o.s.security.web.FilterChainProxy - Secured GET /h2-console/icon_commit.gif
2025-12-03 01:07:35.922 [/] DEBUG [http-nio-9100-exec-6] o.s.s.w.a.AnonymousAuthenticationFilter - Set SecurityContextHolder to anonymous SecurityContext
2025-12-03 01:07:35.924 [/] DEBUG [http-nio-9100-exec-6] o.s.security.web.FilterChainProxy - Secured GET /h2-console/icon_refresh.gif
2025-12-03 01:07:35.926 [/] DEBUG [http-nio-9100-exec-9] o.s.security.web.FilterChainProxy - Securing GET /h2-console/icon_run.gif
2025-12-03 01:07:35.926 [/] DEBUG [http-nio-9100-exec-9] c.p.j.config.JwtAuthenticationFilter - Processing request: GET /h2-console/icon_run.gif
2025-12-03 01:07:35.926 [/] DEBUG [http-nio-9100-exec-9] c.p.j.config.JwtAuthenticationFilter - Skipping JWT filter completely for public path: /h2-console
2025-12-03 01:07:35.926 [/] DEBUG [http-nio-9100-exec-9] o.s.s.w.a.AnonymousAuthenticationFilter - Set SecurityContextHolder to anonymous SecurityContext
2025-12-03 01:07:35.926 [/] DEBUG [http-nio-9100-exec-1] o.s.security.web.FilterChainProxy - Securing GET /h2-console/icon_run_selected.gif
2025-12-03 01:07:35.928 [/] DEBUG [http-nio-9100-exec-9] o.s.security.web.FilterChainProxy - Secured GET /h2-console/icon_run.gif
2025-12-03 01:07:35.928 [/] DEBUG [http-nio-9100-exec-1] c.p.j.config.JwtAuthenticationFilter - Processing request: GET /h2-console/icon_run_selected.gif
2025-12-03 01:07:35.929 [/] DEBUG [http-nio-9100-exec-1] c.p.j.config.JwtAuthenticationFilter - Skipping JWT filter completely for public path: /h2-console
2025-12-03 01:07:35.929 [/] DEBUG [http-nio-9100-exec-2] o.s.security.web.FilterChainProxy - Securing GET /h2-console/icon_history.gif
2025-12-03 01:07:35.929 [/] DEBUG [http-nio-9100-exec-1] o.s.s.w.a.AnonymousAuthenticationFilter - Set SecurityContextHolder to anonymous SecurityContext
2025-12-03 01:07:35.929 [/] DEBUG [http-nio-9100-exec-2] c.p.j.config.JwtAuthenticationFilter - Processing request: GET /h2-console/icon_history.gif
2025-12-03 01:07:35.929 [/] DEBUG [http-nio-9100-exec-2] c.p.j.config.JwtAuthenticationFilter - Skipping JWT filter completely for public path: /h2-console
2025-12-03 01:07:35.930 [/] DEBUG [http-nio-9100-exec-1] o.s.security.web.FilterChainProxy - Secured GET /h2-console/icon_run_selected.gif
2025-12-03 01:07:35.930 [/] DEBUG [http-nio-9100-exec-3] o.s.security.web.FilterChainProxy - Securing GET /h2-console/icon_help.gif
2025-12-03 01:07:35.930 [/] DEBUG [http-nio-9100-exec-3] c.p.j.config.JwtAuthenticationFilter - Processing request: GET /h2-console/icon_help.gif
2025-12-03 01:07:35.930 [/] DEBUG [http-nio-9100-exec-3] c.p.j.config.JwtAuthenticationFilter - Skipping JWT filter completely for public path: /h2-console
2025-12-03 01:07:35.930 [/] DEBUG [http-nio-9100-exec-3] o.s.s.w.a.AnonymousAuthenticationFilter - Set SecurityContextHolder to anonymous SecurityContext
2025-12-03 01:07:35.932 [/] DEBUG [http-nio-9100-exec-3] o.s.security.web.FilterChainProxy - Secured GET /h2-console/icon_help.gif
2025-12-03 01:07:35.939 [/] DEBUG [http-nio-9100-exec-6] o.s.security.web.FilterChainProxy - Securing GET /h2-console/icon_stop.gif
2025-12-03 01:07:35.935 [/] DEBUG [http-nio-9100-exec-2] o.s.s.w.a.AnonymousAuthenticationFilter - Set SecurityContextHolder to anonymous SecurityContext
2025-12-03 01:07:35.939 [/] DEBUG [http-nio-9100-exec-6] c.p.j.config.JwtAuthenticationFilter - Processing request: GET /h2-console/icon_stop.gif
2025-12-03 01:07:35.939 [/] DEBUG [http-nio-9100-exec-6] c.p.j.config.JwtAuthenticationFilter - Skipping JWT filter completely for public path: /h2-console
2025-12-03 01:07:35.939 [/] DEBUG [http-nio-9100-exec-6] o.s.s.w.a.AnonymousAuthenticationFilter - Set SecurityContextHolder to anonymous SecurityContext
2025-12-03 01:07:35.939 [/] DEBUG [http-nio-9100-exec-2] o.s.security.web.FilterChainProxy - Secured GET /h2-console/icon_history.gif
2025-12-03 01:07:35.942 [/] DEBUG [http-nio-9100-exec-6] o.s.security.web.FilterChainProxy - Secured GET /h2-console/icon_stop.gif
2025-12-03 01:07:36.022 [/] DEBUG [http-nio-9100-exec-4] o.s.security.web.FilterChainProxy - Securing GET /h2-console/tree.js
2025-12-03 01:07:36.024 [/] DEBUG [http-nio-9100-exec-4] c.p.j.config.JwtAuthenticationFilter - Processing request: GET /h2-console/tree.js
2025-12-03 01:07:36.024 [/] DEBUG [http-nio-9100-exec-4] c.p.j.config.JwtAuthenticationFilter - Skipping JWT filter completely for public path: /h2-console
2025-12-03 01:07:36.024 [/] DEBUG [http-nio-9100-exec-4] o.s.s.w.a.AnonymousAuthenticationFilter - Set SecurityContextHolder to anonymous SecurityContext
2025-12-03 01:07:36.024 [/] DEBUG [http-nio-9100-exec-4] o.s.security.web.FilterChainProxy - Secured GET /h2-console/tree.js
2025-12-03 01:07:36.051 [/] DEBUG [http-nio-9100-exec-8] o.s.security.web.FilterChainProxy - Securing GET /h2-console/tree_database.gif
2025-12-03 01:07:36.051 [/] DEBUG [http-nio-9100-exec-5] o.s.security.web.FilterChainProxy - Securing GET /h2-console/tree_minus.gif
2025-12-03 01:07:36.051 [/] DEBUG [http-nio-9100-exec-7] o.s.security.web.FilterChainProxy - Securing GET /h2-console/tree_plus.gif
2025-12-03 01:07:36.051 [/] DEBUG [http-nio-9100-exec-8] c.p.j.config.JwtAuthenticationFilter - Processing request: GET /h2-console/tree_database.gif
2025-12-03 01:07:36.051 [/] DEBUG [http-nio-9100-exec-8] c.p.j.config.JwtAuthenticationFilter - Skipping JWT filter completely for public path: /h2-console
2025-12-03 01:07:36.051 [/] DEBUG [http-nio-9100-exec-9] o.s.security.web.FilterChainProxy - Securing GET /h2-console/tree_table.gif
2025-12-03 01:07:36.051 [/] DEBUG [http-nio-9100-exec-8] o.s.s.w.a.AnonymousAuthenticationFilter - Set SecurityContextHolder to anonymous SecurityContext
2025-12-03 01:07:36.051 [/] DEBUG [http-nio-9100-exec-9] c.p.j.config.JwtAuthenticationFilter - Processing request: GET /h2-console/tree_table.gif
2025-12-03 01:07:36.051 [/] DEBUG [http-nio-9100-exec-7] c.p.j.config.JwtAuthenticationFilter - Processing request: GET /h2-console/tree_plus.gif
2025-12-03 01:07:36.051 [/] DEBUG [http-nio-9100-exec-9] c.p.j.config.JwtAuthenticationFilter - Skipping JWT filter completely for public path: /h2-console
2025-12-03 01:07:36.051 [/] DEBUG [http-nio-9100-exec-7] c.p.j.config.JwtAuthenticationFilter - Skipping JWT filter completely for public path: /h2-console
2025-12-03 01:07:36.051 [/] DEBUG [http-nio-9100-exec-7] o.s.s.w.a.AnonymousAuthenticationFilter - Set SecurityContextHolder to anonymous SecurityContext
2025-12-03 01:07:36.054 [/] DEBUG [http-nio-9100-exec-3] o.s.security.web.FilterChainProxy - Securing GET /h2-console/tree_column.gif
2025-12-03 01:07:36.051 [/] DEBUG [http-nio-9100-exec-9] o.s.s.w.a.AnonymousAuthenticationFilter - Set SecurityContextHolder to anonymous SecurityContext
2025-12-03 01:07:36.051 [/] DEBUG [http-nio-9100-exec-1] o.s.security.web.FilterChainProxy - Securing GET /h2-console/tree_empty.gif
2025-12-03 01:07:36.055 [/] DEBUG [http-nio-9100-exec-7] o.s.security.web.FilterChainProxy - Secured GET /h2-console/tree_plus.gif
2025-12-03 01:07:36.055 [/] DEBUG [http-nio-9100-exec-1] c.p.j.config.JwtAuthenticationFilter - Processing request: GET /h2-console/tree_empty.gif
2025-12-03 01:07:36.055 [/] DEBUG [http-nio-9100-exec-3] c.p.j.config.JwtAuthenticationFilter - Processing request: GET /h2-console/tree_column.gif
2025-12-03 01:07:36.055 [/] DEBUG [http-nio-9100-exec-1] c.p.j.config.JwtAuthenticationFilter - Skipping JWT filter completely for public path: /h2-console
2025-12-03 01:07:36.055 [/] DEBUG [http-nio-9100-exec-5] c.p.j.config.JwtAuthenticationFilter - Processing request: GET /h2-console/tree_minus.gif
2025-12-03 01:07:36.055 [/] DEBUG [http-nio-9100-exec-9] o.s.security.web.FilterChainProxy - Secured GET /h2-console/tree_table.gif
2025-12-03 01:07:36.055 [/] DEBUG [http-nio-9100-exec-3] c.p.j.config.JwtAuthenticationFilter - Skipping JWT filter completely for public path: /h2-console
2025-12-03 01:07:36.055 [/] DEBUG [http-nio-9100-exec-8] o.s.security.web.FilterChainProxy - Secured GET /h2-console/tree_database.gif
2025-12-03 01:07:36.056 [/] DEBUG [http-nio-9100-exec-5] c.p.j.config.JwtAuthenticationFilter - Skipping JWT filter completely for public path: /h2-console
2025-12-03 01:07:36.056 [/] DEBUG [http-nio-9100-exec-1] o.s.s.w.a.AnonymousAuthenticationFilter - Set SecurityContextHolder to anonymous SecurityContext
2025-12-03 01:07:36.056 [/] DEBUG [http-nio-9100-exec-5] o.s.s.w.a.AnonymousAuthenticationFilter - Set SecurityContextHolder to anonymous SecurityContext
2025-12-03 01:07:36.056 [/] DEBUG [http-nio-9100-exec-3] o.s.s.w.a.AnonymousAuthenticationFilter - Set SecurityContextHolder to anonymous SecurityContext
2025-12-03 01:07:36.056 [/] DEBUG [http-nio-9100-exec-5] o.s.security.web.FilterChainProxy - Secured GET /h2-console/tree_minus.gif
2025-12-03 01:07:36.056 [/] DEBUG [http-nio-9100-exec-3] o.s.security.web.FilterChainProxy - Secured GET /h2-console/tree_column.gif
2025-12-03 01:07:36.056 [/] DEBUG [http-nio-9100-exec-1] o.s.security.web.FilterChainProxy - Secured GET /h2-console/tree_empty.gif
2025-12-03 01:07:36.060 [/] DEBUG [http-nio-9100-exec-2] o.s.security.web.FilterChainProxy - Securing GET /h2-console/tree_folder.gif
2025-12-03 01:07:36.060 [/] DEBUG [http-nio-9100-exec-2] c.p.j.config.JwtAuthenticationFilter - Processing request: GET /h2-console/tree_folder.gif
2025-12-03 01:07:36.061 [/] DEBUG [http-nio-9100-exec-2] c.p.j.config.JwtAuthenticationFilter - Skipping JWT filter completely for public path: /h2-console
2025-12-03 01:07:36.061 [/] DEBUG [http-nio-9100-exec-2] o.s.s.w.a.AnonymousAuthenticationFilter - Set SecurityContextHolder to anonymous SecurityContext
2025-12-03 01:07:36.061 [/] DEBUG [http-nio-9100-exec-2] o.s.security.web.FilterChainProxy - Secured GET /h2-console/tree_folder.gif
2025-12-03 01:07:36.063 [/] DEBUG [http-nio-9100-exec-6] o.s.security.web.FilterChainProxy - Securing GET /h2-console/tree_type.gif
2025-12-03 01:07:36.064 [/] DEBUG [http-nio-9100-exec-6] c.p.j.config.JwtAuthenticationFilter - Processing request: GET /h2-console/tree_type.gif
2025-12-03 01:07:36.064 [/] DEBUG [http-nio-9100-exec-6] c.p.j.config.JwtAuthenticationFilter - Skipping JWT filter completely for public path: /h2-console
2025-12-03 01:07:36.064 [/] DEBUG [http-nio-9100-exec-6] o.s.s.w.a.AnonymousAuthenticationFilter - Set SecurityContextHolder to anonymous SecurityContext
2025-12-03 01:07:36.064 [/] DEBUG [http-nio-9100-exec-6] o.s.security.web.FilterChainProxy - Secured GET /h2-console/tree_type.gif
2025-12-03 01:07:36.067 [/] DEBUG [http-nio-9100-exec-10] o.s.security.web.FilterChainProxy - Securing GET /h2-console/tree_index_az.gif
2025-12-03 01:07:36.067 [/] DEBUG [http-nio-9100-exec-10] c.p.j.config.JwtAuthenticationFilter - Processing request: GET /h2-console/tree_index_az.gif
2025-12-03 01:07:36.067 [/] DEBUG [http-nio-9100-exec-10] c.p.j.config.JwtAuthenticationFilter - Skipping JWT filter completely for public path: /h2-console
2025-12-03 01:07:36.067 [/] DEBUG [http-nio-9100-exec-10] o.s.s.w.a.AnonymousAuthenticationFilter - Set SecurityContextHolder to anonymous SecurityContext
2025-12-03 01:07:36.068 [/] DEBUG [http-nio-9100-exec-10] o.s.security.web.FilterChainProxy - Secured GET /h2-console/tree_index_az.gif
2025-12-03 01:07:36.074 [/] DEBUG [http-nio-9100-exec-4] o.s.security.web.FilterChainProxy - Securing GET /h2-console/tree_index.gif
2025-12-03 01:07:36.075 [/] DEBUG [http-nio-9100-exec-4] c.p.j.config.JwtAuthenticationFilter - Processing request: GET /h2-console/tree_index.gif
2025-12-03 01:07:36.076 [/] DEBUG [http-nio-9100-exec-4] c.p.j.config.JwtAuthenticationFilter - Skipping JWT filter completely for public path: /h2-console
2025-12-03 01:07:36.076 [/] DEBUG [http-nio-9100-exec-4] o.s.s.w.a.AnonymousAuthenticationFilter - Set SecurityContextHolder to anonymous SecurityContext
2025-12-03 01:07:36.077 [/] DEBUG [http-nio-9100-exec-4] o.s.security.web.FilterChainProxy - Secured GET /h2-console/tree_index.gif
2025-12-03 01:07:36.078 [/] DEBUG [http-nio-9100-exec-7] o.s.security.web.FilterChainProxy - Securing GET /h2-console/tree_view.gif
2025-12-03 01:07:36.079 [/] DEBUG [http-nio-9100-exec-7] c.p.j.config.JwtAuthenticationFilter - Processing request: GET /h2-console/tree_view.gif
2025-12-03 01:07:36.080 [/] DEBUG [http-nio-9100-exec-5] o.s.security.web.FilterChainProxy - Securing GET /h2-console/tree_sequences.gif
2025-12-03 01:07:36.080 [/] DEBUG [http-nio-9100-exec-7] c.p.j.config.JwtAuthenticationFilter - Skipping JWT filter completely for public path: /h2-console
2025-12-03 01:07:36.080 [/] DEBUG [http-nio-9100-exec-5] c.p.j.config.JwtAuthenticationFilter - Processing request: GET /h2-console/tree_sequences.gif
2025-12-03 01:07:36.080 [/] DEBUG [http-nio-9100-exec-5] c.p.j.config.JwtAuthenticationFilter - Skipping JWT filter completely for public path: /h2-console
2025-12-03 01:07:36.080 [/] DEBUG [http-nio-9100-exec-7] o.s.s.w.a.AnonymousAuthenticationFilter - Set SecurityContextHolder to anonymous SecurityContext
2025-12-03 01:07:36.080 [/] DEBUG [http-nio-9100-exec-5] o.s.s.w.a.AnonymousAuthenticationFilter - Set SecurityContextHolder to anonymous SecurityContext
2025-12-03 01:07:36.081 [/] DEBUG [http-nio-9100-exec-7] o.s.security.web.FilterChainProxy - Secured GET /h2-console/tree_view.gif
2025-12-03 01:07:36.081 [/] DEBUG [http-nio-9100-exec-5] o.s.security.web.FilterChainProxy - Secured GET /h2-console/tree_sequences.gif
2025-12-03 01:07:36.090 [/] DEBUG [http-nio-9100-exec-9] o.s.security.web.FilterChainProxy - Securing GET /h2-console/tree_info.gif
2025-12-03 01:07:36.090 [/] DEBUG [http-nio-9100-exec-9] c.p.j.config.JwtAuthenticationFilter - Processing request: GET /h2-console/tree_info.gif
2025-12-03 01:07:36.090 [/] DEBUG [http-nio-9100-exec-9] c.p.j.config.JwtAuthenticationFilter - Skipping JWT filter completely for public path: /h2-console
2025-12-03 01:07:36.094 [/] DEBUG [http-nio-9100-exec-9] o.s.s.w.a.AnonymousAuthenticationFilter - Set SecurityContextHolder to anonymous SecurityContext
2025-12-03 01:07:36.094 [/] DEBUG [http-nio-9100-exec-3] o.s.security.web.FilterChainProxy - Securing GET /h2-console/tree_sequence.gif
2025-12-03 01:07:36.094 [/] DEBUG [http-nio-9100-exec-9] o.s.security.web.FilterChainProxy - Secured GET /h2-console/tree_info.gif
2025-12-03 01:07:36.094 [/] DEBUG [http-nio-9100-exec-3] c.p.j.config.JwtAuthenticationFilter - Processing request: GET /h2-console/tree_sequence.gif
2025-12-03 01:07:36.094 [/] DEBUG [http-nio-9100-exec-3] c.p.j.config.JwtAuthenticationFilter - Skipping JWT filter completely for public path: /h2-console
2025-12-03 01:07:36.094 [/] DEBUG [http-nio-9100-exec-3] o.s.s.w.a.AnonymousAuthenticationFilter - Set SecurityContextHolder to anonymous SecurityContext
2025-12-03 01:07:36.095 [/] DEBUG [http-nio-9100-exec-3] o.s.security.web.FilterChainProxy - Secured GET /h2-console/tree_sequence.gif
2025-12-03 01:07:36.101 [/] DEBUG [http-nio-9100-exec-8] o.s.security.web.FilterChainProxy - Securing GET /h2-console/tree_users.gif
2025-12-03 01:07:36.102 [/] DEBUG [http-nio-9100-exec-8] c.p.j.config.JwtAuthenticationFilter - Processing request: GET /h2-console/tree_users.gif
2025-12-03 01:07:36.102 [/] DEBUG [http-nio-9100-exec-8] c.p.j.config.JwtAuthenticationFilter - Skipping JWT filter completely for public path: /h2-console
2025-12-03 01:07:36.103 [/] DEBUG [http-nio-9100-exec-8] o.s.s.w.a.AnonymousAuthenticationFilter - Set SecurityContextHolder to anonymous SecurityContext
2025-12-03 01:07:36.107 [/] DEBUG [http-nio-9100-exec-8] o.s.security.web.FilterChainProxy - Secured GET /h2-console/tree_users.gif
2025-12-03 01:07:36.107 [/] DEBUG [http-nio-9100-exec-1] o.s.security.web.FilterChainProxy - Securing GET /h2-console/tree_user.gif
2025-12-03 01:07:36.107 [/] DEBUG [http-nio-9100-exec-1] c.p.j.config.JwtAuthenticationFilter - Processing request: GET /h2-console/tree_user.gif
2025-12-03 01:07:36.107 [/] DEBUG [http-nio-9100-exec-1] c.p.j.config.JwtAuthenticationFilter - Skipping JWT filter completely for public path: /h2-console
2025-12-03 01:07:36.107 [/] DEBUG [http-nio-9100-exec-1] o.s.s.w.a.AnonymousAuthenticationFilter - Set SecurityContextHolder to anonymous SecurityContext
2025-12-03 01:07:36.108 [/] DEBUG [http-nio-9100-exec-1] o.s.security.web.FilterChainProxy - Secured GET /h2-console/tree_user.gif
2025-12-03 01:07:44.125 [/] DEBUG [http-nio-9100-exec-2] o.s.security.web.FilterChainProxy - Securing POST /h2-console/query.do?jsessionid=b2837a4343f5337a1b3cf2a117692506
2025-12-03 01:07:44.125 [/] DEBUG [http-nio-9100-exec-2] c.p.j.config.JwtAuthenticationFilter - Processing request: POST /h2-console/query.do
2025-12-03 01:07:44.125 [/] DEBUG [http-nio-9100-exec-2] c.p.j.config.JwtAuthenticationFilter - Skipping JWT filter completely for public path: /h2-console
2025-12-03 01:07:44.125 [/] DEBUG [http-nio-9100-exec-2] o.s.s.w.a.AnonymousAuthenticationFilter - Set SecurityContextHolder to anonymous SecurityContext
2025-12-03 01:07:44.125 [/] DEBUG [http-nio-9100-exec-2] o.s.security.web.FilterChainProxy - Secured POST /h2-console/query.do?jsessionid=b2837a4343f5337a1b3cf2a117692506
2025-12-03 01:07:44.148 [/] DEBUG [http-nio-9100-exec-6] o.s.security.web.FilterChainProxy - Securing GET /h2-console/table.js
2025-12-03 01:07:44.148 [/] DEBUG [http-nio-9100-exec-6] c.p.j.config.JwtAuthenticationFilter - Processing request: GET /h2-console/table.js
2025-12-03 01:07:44.148 [/] DEBUG [http-nio-9100-exec-6] c.p.j.config.JwtAuthenticationFilter - Skipping JWT filter completely for public path: /h2-console
2025-12-03 01:07:44.148 [/] DEBUG [http-nio-9100-exec-6] o.s.s.w.a.AnonymousAuthenticationFilter - Set SecurityContextHolder to anonymous SecurityContext
2025-12-03 01:07:44.149 [/] DEBUG [http-nio-9100-exec-6] o.s.security.web.FilterChainProxy - Secured GET /h2-console/table.js
2025-12-03 01:07:44.151 [/] DEBUG [http-nio-9100-exec-10] o.s.security.web.FilterChainProxy - Securing GET /h2-console/stylesheet.css
2025-12-03 01:07:44.152 [/] DEBUG [http-nio-9100-exec-10] c.p.j.config.JwtAuthenticationFilter - Processing request: GET /h2-console/stylesheet.css
2025-12-03 01:07:44.152 [/] DEBUG [http-nio-9100-exec-10] c.p.j.config.JwtAuthenticationFilter - Skipping JWT filter completely for public path: /h2-console
2025-12-03 01:07:44.152 [/] DEBUG [http-nio-9100-exec-10] o.s.s.w.a.AnonymousAuthenticationFilter - Set SecurityContextHolder to anonymous SecurityContext
2025-12-03 01:07:44.152 [/] DEBUG [http-nio-9100-exec-10] o.s.security.web.FilterChainProxy - Secured GET /h2-console/stylesheet.css
2025-12-03 01:08:16.972 [/] DEBUG [http-nio-9100-exec-4] o.s.security.web.FilterChainProxy - Securing GET /h2-console/
2025-12-03 01:08:16.973 [/] DEBUG [http-nio-9100-exec-4] c.p.j.config.JwtAuthenticationFilter - Processing request: GET /h2-console/
2025-12-03 01:08:16.973 [/] DEBUG [http-nio-9100-exec-4] c.p.j.config.JwtAuthenticationFilter - Skipping JWT filter completely for public path: /h2-console
2025-12-03 01:08:16.973 [/] DEBUG [http-nio-9100-exec-4] o.s.s.w.a.AnonymousAuthenticationFilter - Set SecurityContextHolder to anonymous SecurityContext
2025-12-03 01:08:16.973 [/] DEBUG [http-nio-9100-exec-4] o.s.security.web.FilterChainProxy - Secured GET /h2-console/
2025-12-03 01:08:16.995 [/] DEBUG [http-nio-9100-exec-5] o.s.security.web.FilterChainProxy - Securing GET /h2-console/stylesheet.css
2025-12-03 01:08:16.995 [/] DEBUG [http-nio-9100-exec-5] c.p.j.config.JwtAuthenticationFilter - Processing request: GET /h2-console/stylesheet.css
2025-12-03 01:08:16.995 [/] DEBUG [http-nio-9100-exec-5] c.p.j.config.JwtAuthenticationFilter - Skipping JWT filter completely for public path: /h2-console
2025-12-03 01:08:16.996 [/] DEBUG [http-nio-9100-exec-5] o.s.s.w.a.AnonymousAuthenticationFilter - Set SecurityContextHolder to anonymous SecurityContext
2025-12-03 01:08:16.996 [/] DEBUG [http-nio-9100-exec-5] o.s.security.web.FilterChainProxy - Secured GET /h2-console/stylesheet.css
2025-12-03 01:08:17.064 [/] DEBUG [http-nio-9100-exec-7] o.s.security.web.FilterChainProxy - Securing GET /h2-console/login.jsp?jsessionid=5959b7a8f5dce69ce87a03e1c0f680fc
2025-12-03 01:08:17.064 [/] DEBUG [http-nio-9100-exec-7] c.p.j.config.JwtAuthenticationFilter - Processing request: GET /h2-console/login.jsp
2025-12-03 01:08:17.064 [/] DEBUG [http-nio-9100-exec-7] c.p.j.config.JwtAuthenticationFilter - Skipping JWT filter completely for public path: /h2-console
2025-12-03 01:08:17.064 [/] DEBUG [http-nio-9100-exec-7] o.s.s.w.a.AnonymousAuthenticationFilter - Set SecurityContextHolder to anonymous SecurityContext
2025-12-03 01:08:17.064 [/] DEBUG [http-nio-9100-exec-7] o.s.security.web.FilterChainProxy - Secured GET /h2-console/login.jsp?jsessionid=5959b7a8f5dce69ce87a03e1c0f680fc
2025-12-03 01:08:17.073 [/] DEBUG [http-nio-9100-exec-3] o.s.security.web.FilterChainProxy - Securing GET /h2-console/stylesheet.css
2025-12-03 01:08:17.073 [/] DEBUG [http-nio-9100-exec-3] c.p.j.config.JwtAuthenticationFilter - Processing request: GET /h2-console/stylesheet.css
2025-12-03 01:08:17.073 [/] DEBUG [http-nio-9100-exec-3] c.p.j.config.JwtAuthenticationFilter - Skipping JWT filter completely for public path: /h2-console
2025-12-03 01:08:17.073 [/] DEBUG [http-nio-9100-exec-3] o.s.s.w.a.AnonymousAuthenticationFilter - Set SecurityContextHolder to anonymous SecurityContext
2025-12-03 01:08:17.073 [/] DEBUG [http-nio-9100-exec-3] o.s.security.web.FilterChainProxy - Secured GET /h2-console/stylesheet.css
2025-12-03 01:08:17.115 [/] DEBUG [http-nio-9100-exec-9] o.s.security.web.FilterChainProxy - Securing GET /h2-console/background.gif
2025-12-03 01:08:17.115 [/] DEBUG [http-nio-9100-exec-9] c.p.j.config.JwtAuthenticationFilter - Processing request: GET /h2-console/background.gif
2025-12-03 01:08:17.115 [/] DEBUG [http-nio-9100-exec-9] c.p.j.config.JwtAuthenticationFilter - Skipping JWT filter completely for public path: /h2-console
2025-12-03 01:08:17.115 [/] DEBUG [http-nio-9100-exec-9] o.s.s.w.a.AnonymousAuthenticationFilter - Set SecurityContextHolder to anonymous SecurityContext
2025-12-03 01:08:17.116 [/] DEBUG [http-nio-9100-exec-9] o.s.security.web.FilterChainProxy - Secured GET /h2-console/background.gif
2025-12-03 01:08:21.247 [/] DEBUG [http-nio-9100-exec-8] o.s.security.web.FilterChainProxy - Securing POST /h2-console/query.do?jsessionid=b2837a4343f5337a1b3cf2a117692506
2025-12-03 01:08:21.247 [/] DEBUG [http-nio-9100-exec-8] c.p.j.config.JwtAuthenticationFilter - Processing request: POST /h2-console/query.do
2025-12-03 01:08:21.247 [/] DEBUG [http-nio-9100-exec-8] c.p.j.config.JwtAuthenticationFilter - Skipping JWT filter completely for public path: /h2-console
2025-12-03 01:08:21.248 [/] DEBUG [http-nio-9100-exec-8] o.s.s.w.a.AnonymousAuthenticationFilter - Set SecurityContextHolder to anonymous SecurityContext
2025-12-03 01:08:21.248 [/] DEBUG [http-nio-9100-exec-8] o.s.security.web.FilterChainProxy - Secured POST /h2-console/query.do?jsessionid=b2837a4343f5337a1b3cf2a117692506
2025-12-03 01:08:21.258 [/] DEBUG [http-nio-9100-exec-1] o.s.security.web.FilterChainProxy - Securing GET /h2-console/table.js
2025-12-03 01:08:21.258 [/] DEBUG [http-nio-9100-exec-1] c.p.j.config.JwtAuthenticationFilter - Processing request: GET /h2-console/table.js
2025-12-03 01:08:21.258 [/] DEBUG [http-nio-9100-exec-1] c.p.j.config.JwtAuthenticationFilter - Skipping JWT filter completely for public path: /h2-console
2025-12-03 01:08:21.258 [/] DEBUG [http-nio-9100-exec-1] o.s.s.w.a.AnonymousAuthenticationFilter - Set SecurityContextHolder to anonymous SecurityContext
2025-12-03 01:08:21.258 [/] DEBUG [http-nio-9100-exec-1] o.s.security.web.FilterChainProxy - Secured GET /h2-console/table.js
2025-12-03 01:08:21.262 [/] DEBUG [http-nio-9100-exec-2] o.s.security.web.FilterChainProxy - Securing GET /h2-console/stylesheet.css
2025-12-03 01:08:21.262 [/] DEBUG [http-nio-9100-exec-2] c.p.j.config.JwtAuthenticationFilter - Processing request: GET /h2-console/stylesheet.css
2025-12-03 01:08:21.262 [/] DEBUG [http-nio-9100-exec-2] c.p.j.config.JwtAuthenticationFilter - Skipping JWT filter completely for public path: /h2-console
2025-12-03 01:08:21.262 [/] DEBUG [http-nio-9100-exec-2] o.s.s.w.a.AnonymousAuthenticationFilter - Set SecurityContextHolder to anonymous SecurityContext
2025-12-03 01:08:21.263 [/] DEBUG [http-nio-9100-exec-2] o.s.security.web.FilterChainProxy - Secured GET /h2-console/stylesheet.css
2025-12-03 01:08:24.744 [/] DEBUG [http-nio-9100-exec-6] o.s.security.web.FilterChainProxy - Securing POST /h2-console/query.do?jsessionid=b2837a4343f5337a1b3cf2a117692506
2025-12-03 01:08:24.744 [/] DEBUG [http-nio-9100-exec-6] c.p.j.config.JwtAuthenticationFilter - Processing request: POST /h2-console/query.do
2025-12-03 01:08:24.744 [/] DEBUG [http-nio-9100-exec-6] c.p.j.config.JwtAuthenticationFilter - Skipping JWT filter completely for public path: /h2-console
2025-12-03 01:08:24.744 [/] DEBUG [http-nio-9100-exec-6] o.s.s.w.a.AnonymousAuthenticationFilter - Set SecurityContextHolder to anonymous SecurityContext
2025-12-03 01:08:24.745 [/] DEBUG [http-nio-9100-exec-6] o.s.security.web.FilterChainProxy - Secured POST /h2-console/query.do?jsessionid=b2837a4343f5337a1b3cf2a117692506
2025-12-03 01:08:27.797 [/] DEBUG [http-nio-9100-exec-10] o.s.security.web.FilterChainProxy - Securing POST /h2-console/query.do?jsessionid=b2837a4343f5337a1b3cf2a117692506
2025-12-03 01:08:27.797 [/] DEBUG [http-nio-9100-exec-10] c.p.j.config.JwtAuthenticationFilter - Processing request: POST /h2-console/query.do
2025-12-03 01:08:27.797 [/] DEBUG [http-nio-9100-exec-10] c.p.j.config.JwtAuthenticationFilter - Skipping JWT filter completely for public path: /h2-console
2025-12-03 01:08:27.797 [/] DEBUG [http-nio-9100-exec-10] o.s.s.w.a.AnonymousAuthenticationFilter - Set SecurityContextHolder to anonymous SecurityContext
2025-12-03 01:08:27.798 [/] DEBUG [http-nio-9100-exec-10] o.s.security.web.FilterChainProxy - Secured POST /h2-console/query.do?jsessionid=b2837a4343f5337a1b3cf2a117692506
2025-12-03 01:08:48.353 [/] DEBUG [http-nio-9100-exec-8] o.s.security.web.FilterChainProxy - Securing POST /api/v1/auth/login
2025-12-03 01:08:48.353 [/] DEBUG [http-nio-9100-exec-8] c.p.j.config.JwtAuthenticationFilter - Processing request: POST /api/v1/auth/login
2025-12-03 01:08:48.353 [/] DEBUG [http-nio-9100-exec-8] c.p.j.config.JwtAuthenticationFilter - Skipping JWT filter completely for public path: /api/v1/auth/login
2025-12-03 01:08:48.353 [/] DEBUG [http-nio-9100-exec-8] o.s.s.w.a.AnonymousAuthenticationFilter - Set SecurityContextHolder to anonymous SecurityContext
2025-12-03 01:08:48.353 [/] DEBUG [http-nio-9100-exec-8] o.s.security.web.FilterChainProxy - Secured POST /api/v1/auth/login
2025-12-03 01:08:48.353 [/] DEBUG [http-nio-9100-exec-8] o.s.web.servlet.DispatcherServlet - POST "/api/v1/auth/login", parameters={}
2025-12-03 01:08:48.353 [/] DEBUG [http-nio-9100-exec-8] o.s.w.s.m.m.a.RequestMappingHandlerMapping - Mapped to com.programandoenjava.jwt.auth.controller.AuthController#authenticate(AuthRequest)
2025-12-03 01:08:48.356 [/] DEBUG [http-nio-9100-exec-8] o.s.w.s.m.m.a.RequestResponseBodyMethodProcessor - Read "application/json;charset=UTF-8" to [AuthRequest[email=admin@example.com, password=admin123]]
2025-12-03 01:08:48.356 [/] DEBUG [http-nio-9100-exec-8] c.p.jwt.auth.service.AuthService - Attempting to authenticate user: admin@example.com
2025-12-03 01:08:48.445 [/] DEBUG [http-nio-9100-exec-8] org.hibernate.SQL - select u1_0.id,u1_0.email,u1_0.name,u1_0.password,u1_0.role from _user u1_0 where u1_0.email=?
2025-12-03 01:08:48.544 [/] DEBUG [http-nio-9100-exec-8] o.s.s.a.d.DaoAuthenticationProvider - Authenticated user
2025-12-03 01:08:48.545 [/] DEBUG [http-nio-9100-exec-8] org.hibernate.SQL - select u1_0.id,u1_0.email,u1_0.name,u1_0.password,u1_0.role from _user u1_0 where u1_0.email=?
2025-12-03 01:08:48.564 [/] DEBUG [http-nio-9100-exec-8] org.hibernate.SQL - select t1_0.id,t1_0.expired,t1_0.revoked,t1_0.token,t1_0.token_category,t1_0.token_type,t1_0.user_id from token t1_0 join _user u1_0 on t1_0.user_id=u1_0.id where u1_0.id=? and (t1_0.expired=false or t1_0.revoked=false)
2025-12-03 01:08:48.571 [/] DEBUG [http-nio-9100-exec-8] org.hibernate.SQL - select next value for token_seq
2025-12-03 01:08:48.571 [/] DEBUG [http-nio-9100-exec-8] org.hibernate.SQL - insert into token (expired,revoked,token,token_category,token_type,user_id,id) values (?,?,?,?,?,?,?)
2025-12-03 01:08:48.572 [/] WARN  [http-nio-9100-exec-8] o.h.e.jdbc.spi.SqlExceptionHelper - SQL Error: 22001, SQLState: 22001
2025-12-03 01:08:48.572 [/] ERROR [http-nio-9100-exec-8] o.h.e.jdbc.spi.SqlExceptionHelper - Valor demasiado largo para la columna "TOKEN CHARACTER VARYING(255)": "'eyJ0eXAiOiJKV1QiLCJhbGciOiJIUzI1NiJ9.eyJuYW1lIjoiQWRtaW4gVXNlciIsImF1dGhvcml0aW... (268)"
Value too long for column "TOKEN CHARACTER VARYING(255)": "'eyJ0eXAiOiJKV1QiLCJhbGciOiJIUzI1NiJ9.eyJuYW1lIjoiQWRtaW4gVXNlciIsImF1dGhvcml0aW... (268)"; SQL statement:
insert into token (expired,revoked,token,token_category,token_type,user_id,id) values (?,?,?,?,?,?,?) [22001-224]
2025-12-03 01:08:48.572 [/] ERROR [http-nio-9100-exec-8] c.p.jwt.auth.service.AuthService - Authentication failed for user admin@example.com: could not execute statement [Valor demasiado largo para la columna "TOKEN CHARACTER VARYING(255)": "'eyJ0eXAiOiJKV1QiLCJhbGciOiJIUzI1NiJ9.eyJuYW1lIjoiQWRtaW4gVXNlciIsImF1dGhvcml0aW... (268)"
Value too long for column "TOKEN CHARACTER VARYING(255)": "'eyJ0eXAiOiJKV1QiLCJhbGciOiJIUzI1NiJ9.eyJuYW1lIjoiQWRtaW4gVXNlciIsImF1dGhvcml0aW... (268)"; SQL statement:
insert into token (expired,revoked,token,token_category,token_type,user_id,id) values (?,?,?,?,?,?,?) [22001-224]] [insert into token (expired,revoked,token,token_category,token_type,user_id,id) values (?,?,?,?,?,?,?)]; SQL [insert into token (expired,revoked,token,token_category,token_type,user_id,id) values (?,?,?,?,?,?,?)]
2025-12-03 01:08:48.572 [/] DEBUG [http-nio-9100-exec-8] o.s.w.s.m.m.a.ExceptionHandlerExceptionResolver - Using @ExceptionHandler com.programandoenjava.jwt.config.GlobalExceptionHandler#handleIllegalArgumentException(IllegalArgumentException)
2025-12-03 01:08:48.572 [/] WARN  [http-nio-9100-exec-8] c.p.j.config.GlobalExceptionHandler - Illegal argument exception: Invalid credentials
2025-12-03 01:08:48.574 [/] DEBUG [http-nio-9100-exec-8] o.s.w.s.m.m.a.HttpEntityMethodProcessor - Using 'application/json', given [*/*] and supported [application/json, application/*+json]
2025-12-03 01:08:48.575 [/] DEBUG [http-nio-9100-exec-8] o.s.w.s.m.m.a.HttpEntityMethodProcessor - Writing [{error=Bad Request, message=Invalid credentials, timestamp=2025-12-03T01:08:48.572756600, status=400 (truncated)...]
2025-12-03 01:08:48.577 [/] DEBUG [http-nio-9100-exec-8] o.s.w.s.m.m.a.ExceptionHandlerExceptionResolver - Resolved [java.lang.IllegalArgumentException: Invalid credentials]
2025-12-03 01:08:48.577 [/] DEBUG [http-nio-9100-exec-8] o.s.web.servlet.DispatcherServlet - Completed 400 BAD_REQUEST
2025-12-03 01:12:25.056 [/] INFO  [SpringApplicationShutdownHook] o.s.o.j.LocalContainerEntityManagerFactoryBean - Closing JPA EntityManagerFactory for persistence unit 'default'
2025-12-03 01:12:25.061 [/] DEBUG [SpringApplicationShutdownHook] org.hibernate.SQL - drop table if exists _user cascade 
2025-12-03 01:12:25.064 [/] DEBUG [SpringApplicationShutdownHook] org.hibernate.SQL - drop table if exists token cascade 
2025-12-03 01:12:25.064 [/] DEBUG [SpringApplicationShutdownHook] org.hibernate.SQL - drop sequence if exists token_seq
2025-12-03 01:12:25.071 [/] INFO  [SpringApplicationShutdownHook] com.zaxxer.hikari.HikariDataSource - HikariPool-1 - Shutdown initiated...
2025-12-03 01:12:25.072 [/] INFO  [SpringApplicationShutdownHook] com.zaxxer.hikari.HikariDataSource - HikariPool-1 - Shutdown completed.
2025-12-03 01:13:17.023 [/] INFO  [main] c.p.jwt.JwtApplicationTests - Starting JwtApplicationTests using Java 17.0.13 with PID 13660 (started by femer in C:\Users\femer\Downloads\DESARROLLO_BOOTCAMP\PROJECT_SPRING_SECURITY)
2025-12-03 01:13:17.025 [/] DEBUG [main] c.p.jwt.JwtApplicationTests - Running with Spring Boot v3.3.4, Spring v6.1.13
2025-12-03 01:13:17.026 [/] INFO  [main] c.p.jwt.JwtApplicationTests - No active profile set, falling back to 1 default profile: "default"
2025-12-03 01:13:17.121 [/] DEBUG [main] o.s.w.c.s.GenericWebApplicationContext - Refreshing org.springframework.web.context.support.GenericWebApplicationContext@4fe01805
2025-12-03 01:13:19.177 [/] INFO  [main] o.s.d.r.c.RepositoryConfigurationDelegate - Bootstrapping Spring Data JPA repositories in DEFAULT mode.
2025-12-03 01:13:19.301 [/] INFO  [main] o.s.d.r.c.RepositoryConfigurationDelegate - Finished Spring Data repository scanning in 101 ms. Found 2 JPA repository interfaces.
2025-12-03 01:13:20.348 [/] INFO  [main] o.h.jpa.internal.util.LogHelper - HHH000204: Processing PersistenceUnitInfo [name: default]
2025-12-03 01:13:20.520 [/] INFO  [main] org.hibernate.Version - HHH000412: Hibernate ORM core version 6.5.3.Final
2025-12-03 01:13:20.611 [/] INFO  [main] o.h.c.i.RegionFactoryInitiator - HHH000026: Second-level cache disabled
2025-12-03 01:13:21.400 [/] INFO  [main] o.s.o.j.p.SpringPersistenceUnitInfo - No LoadTimeWeaver setup: ignoring JPA class transformer
2025-12-03 01:13:21.449 [/] INFO  [main] com.zaxxer.hikari.HikariDataSource - HikariPool-1 - Starting...
2025-12-03 01:13:21.725 [/] INFO  [main] com.zaxxer.hikari.pool.HikariPool - HikariPool-1 - Added connection conn0: url=jdbc:h2:mem:testdb user=SA
2025-12-03 01:13:21.725 [/] INFO  [main] com.zaxxer.hikari.HikariDataSource - HikariPool-1 - Start completed.
2025-12-03 01:13:21.764 [/] WARN  [main] org.hibernate.orm.deprecation - HHH90000025: H2Dialect does not need to be specified explicitly using 'hibernate.dialect' (remove the property setting and it will be selected by default)
2025-12-03 01:13:22.995 [/] INFO  [main] o.h.e.t.j.p.i.JtaPlatformInitiator - HHH000489: No JTA platform available (set 'hibernate.transaction.jta.platform' to enable JTA platform integration)
2025-12-03 01:13:23.010 [/] DEBUG [main] org.hibernate.SQL - drop table if exists _user cascade 
2025-12-03 01:13:23.014 [/] DEBUG [main] org.hibernate.SQL - drop table if exists token cascade 
2025-12-03 01:13:23.014 [/] DEBUG [main] org.hibernate.SQL - drop sequence if exists token_seq
2025-12-03 01:13:23.020 [/] DEBUG [main] org.hibernate.SQL - create sequence token_seq start with 1 increment by 50
2025-12-03 01:13:23.025 [/] DEBUG [main] org.hibernate.SQL - create table _user (id integer generated by default as identity, email varchar(255) unique, name varchar(255), password varchar(255), role enum ('ADMIN','EDITOR'), primary key (id))
2025-12-03 01:13:23.038 [/] DEBUG [main] org.hibernate.SQL - create table token (expired boolean not null, id integer not null, revoked boolean not null, user_id integer, token varchar(255) unique, token_category enum ('ACCESS','REFRESH'), token_type enum ('BEARER'), primary key (id))
2025-12-03 01:13:23.043 [/] DEBUG [main] org.hibernate.SQL - alter table if exists token add constraint FKiblu4cjwvyntq3ugo31klp1c6 foreign key (user_id) references _user
2025-12-03 01:13:23.064 [/] INFO  [main] o.s.o.j.LocalContainerEntityManagerFactoryBean - Initialized JPA EntityManagerFactory for persistence unit 'default'
2025-12-03 01:13:23.360 [/] DEBUG [main] o.h.s.internal.StatisticsInitiator - Statistics initialized [enabled=false]
2025-12-03 01:13:23.714 [/] INFO  [main] o.s.d.j.r.query.QueryEnhancerFactory - Hibernate is in classpath; If applicable, HQL parser will be used.
2025-12-03 01:13:24.586 [/] INFO  [main] o.s.s.c.a.a.c.InitializeAuthenticationProviderBeanManagerConfigurer$InitializeAuthenticationProviderManagerConfigurer - Global AuthenticationManager configured with AuthenticationProvider bean with name authenticationProvider
2025-12-03 01:13:24.588 [/] WARN  [main] o.s.s.c.a.a.c.InitializeUserDetailsBeanManagerConfigurer$InitializeUserDetailsManagerConfigurer - Global AuthenticationManager configured with an AuthenticationProvider bean. UserDetailsService beans will not be used for username/password login. Consider removing the AuthenticationProvider bean. Alternatively, consider using the UserDetailsService in a manually instantiated DaoAuthenticationProvider.
2025-12-03 01:13:24.938 [/] WARN  [main] o.s.b.a.o.j.JpaBaseConfiguration$JpaWebConfiguration - spring.jpa.open-in-view is enabled by default. Therefore, database queries may be performed during view rendering. Explicitly configure spring.jpa.open-in-view to disable this warning
2025-12-03 01:13:25.288 [/] DEBUG [main] o.s.w.s.m.m.a.RequestMappingHandlerMapping - 24 mappings in 'requestMappingHandlerMapping'
2025-12-03 01:13:25.541 [/] DEBUG [main] o.s.w.s.h.SimpleUrlHandlerMapping - Patterns [/webjars/**, /**, /swagger-ui*/*swagger-initializer.js, /swagger-ui*/**] in 'resourceHandlerMapping'
2025-12-03 01:13:25.668 [/] DEBUG [main] o.s.s.web.DefaultSecurityFilterChain - Will secure any request with filters: DisableEncodeUrlFilter, WebAsyncManagerIntegrationFilter, SecurityContextHolderFilter, HeaderWriterFilter, LogoutFilter, JwtAuthenticationFilter, RequestCacheAwareFilter, SecurityContextHolderAwareRequestFilter, AnonymousAuthenticationFilter, SessionManagementFilter, ExceptionTranslationFilter, AuthorizationFilter
2025-12-03 01:13:26.025 [/] DEBUG [main] o.s.w.s.m.m.a.RequestMappingHandlerAdapter - ControllerAdvice beans: 0 @ModelAttribute, 0 @InitBinder, 1 RequestBodyAdvice, 1 ResponseBodyAdvice
2025-12-03 01:13:26.095 [/] DEBUG [main] o.s.w.s.m.m.a.ExceptionHandlerExceptionResolver - ControllerAdvice beans: 2 @ExceptionHandler, 1 ResponseBodyAdvice
2025-12-03 01:13:26.288 [/] INFO  [main] o.s.b.a.h.H2ConsoleAutoConfiguration - H2 console available at '/h2-console'. Database available at 'jdbc:h2:mem:testdb'
2025-12-03 01:13:26.401 [/] INFO  [main] c.p.jwt.JwtApplicationTests - Started JwtApplicationTests in 10.149 seconds (process running for 12.367)
2025-12-03 01:13:27.330 [/] DEBUG [SpringApplicationShutdownHook] o.s.w.c.s.GenericWebApplicationContext - Closing org.springframework.web.context.support.GenericWebApplicationContext@4fe01805, started on Wed Dec 03 01:13:17 PET 2025
2025-12-03 01:13:27.336 [/] INFO  [SpringApplicationShutdownHook] o.s.o.j.LocalContainerEntityManagerFactoryBean - Closing JPA EntityManagerFactory for persistence unit 'default'
2025-12-03 01:13:27.338 [/] DEBUG [SpringApplicationShutdownHook] org.hibernate.SQL - drop table if exists _user cascade 
2025-12-03 01:13:27.340 [/] DEBUG [SpringApplicationShutdownHook] org.hibernate.SQL - drop table if exists token cascade 
2025-12-03 01:13:27.340 [/] DEBUG [SpringApplicationShutdownHook] org.hibernate.SQL - drop sequence if exists token_seq
2025-12-03 01:13:27.348 [/] INFO  [SpringApplicationShutdownHook] com.zaxxer.hikari.HikariDataSource - HikariPool-1 - Shutdown initiated...
2025-12-03 01:13:27.351 [/] INFO  [SpringApplicationShutdownHook] com.zaxxer.hikari.HikariDataSource - HikariPool-1 - Shutdown completed.
2025-12-03 01:13:39.838 [/] INFO  [main] c.p.jwt.JwtApplication - Starting JwtApplication using Java 17.0.13 with PID 28048 (C:\Users\femer\Downloads\DESARROLLO_BOOTCAMP\PROJECT_SPRING_SECURITY\target\classes started by femer in C:\Users\femer\Downloads\DESARROLLO_BOOTCAMP\PROJECT_SPRING_SECURITY)
2025-12-03 01:13:39.841 [/] DEBUG [main] c.p.jwt.JwtApplication - Running with Spring Boot v3.3.4, Spring v6.1.13
2025-12-03 01:13:39.841 [/] INFO  [main] c.p.jwt.JwtApplication - No active profile set, falling back to 1 default profile: "default"
2025-12-03 01:13:41.754 [/] INFO  [main] o.s.d.r.c.RepositoryConfigurationDelegate - Bootstrapping Spring Data JPA repositories in DEFAULT mode.
2025-12-03 01:13:41.888 [/] INFO  [main] o.s.d.r.c.RepositoryConfigurationDelegate - Finished Spring Data repository scanning in 113 ms. Found 2 JPA repository interfaces.
2025-12-03 01:13:43.136 [/] INFO  [main] o.s.b.w.e.tomcat.TomcatWebServer - Tomcat initialized with port 9100 (http)
2025-12-03 01:13:43.170 [/] INFO  [main] o.a.catalina.core.StandardService - Starting service [Tomcat]
2025-12-03 01:13:43.170 [/] INFO  [main] o.a.catalina.core.StandardEngine - Starting Servlet engine: [Apache Tomcat/10.1.30]
2025-12-03 01:13:43.320 [/] INFO  [main] o.a.c.c.C.[Tomcat].[localhost].[/] - Initializing Spring embedded WebApplicationContext
2025-12-03 01:13:43.320 [/] INFO  [main] o.s.b.w.s.c.ServletWebServerApplicationContext - Root WebApplicationContext: initialization completed in 3388 ms
2025-12-03 01:13:43.377 [/] INFO  [main] com.zaxxer.hikari.HikariDataSource - HikariPool-1 - Starting...
2025-12-03 01:13:43.690 [/] INFO  [main] com.zaxxer.hikari.pool.HikariPool - HikariPool-1 - Added connection conn0: url=jdbc:h2:mem:testdb user=SA
2025-12-03 01:13:43.695 [/] INFO  [main] com.zaxxer.hikari.HikariDataSource - HikariPool-1 - Start completed.
2025-12-03 01:13:43.713 [/] INFO  [main] o.s.b.a.h.H2ConsoleAutoConfiguration - H2 console available at '/h2-console'. Database available at 'jdbc:h2:mem:testdb'
2025-12-03 01:13:43.925 [/] INFO  [main] o.h.jpa.internal.util.LogHelper - HHH000204: Processing PersistenceUnitInfo [name: default]
2025-12-03 01:13:44.006 [/] INFO  [main] org.hibernate.Version - HHH000412: Hibernate ORM core version 6.5.3.Final
2025-12-03 01:13:44.122 [/] INFO  [main] o.h.c.i.RegionFactoryInitiator - HHH000026: Second-level cache disabled
2025-12-03 01:13:44.688 [/] INFO  [main] o.s.o.j.p.SpringPersistenceUnitInfo - No LoadTimeWeaver setup: ignoring JPA class transformer
2025-12-03 01:13:44.788 [/] WARN  [main] org.hibernate.orm.deprecation - HHH90000025: H2Dialect does not need to be specified explicitly using 'hibernate.dialect' (remove the property setting and it will be selected by default)
2025-12-03 01:13:46.801 [/] INFO  [main] o.h.e.t.j.p.i.JtaPlatformInitiator - HHH000489: No JTA platform available (set 'hibernate.transaction.jta.platform' to enable JTA platform integration)
2025-12-03 01:13:46.836 [/] DEBUG [main] org.hibernate.SQL - drop table if exists _user cascade 
2025-12-03 01:13:46.845 [/] DEBUG [main] org.hibernate.SQL - drop table if exists token cascade 
2025-12-03 01:13:46.845 [/] DEBUG [main] org.hibernate.SQL - drop sequence if exists token_seq
2025-12-03 01:13:46.851 [/] DEBUG [main] org.hibernate.SQL - create sequence token_seq start with 1 increment by 50
2025-12-03 01:13:46.860 [/] DEBUG [main] org.hibernate.SQL - create table _user (id integer generated by default as identity, email varchar(255) unique, name varchar(255), password varchar(255), role enum ('ADMIN','EDITOR'), primary key (id))
2025-12-03 01:13:46.878 [/] DEBUG [main] org.hibernate.SQL - create table token (expired boolean not null, id integer not null, revoked boolean not null, user_id integer, token varchar(255) unique, token_category enum ('ACCESS','REFRESH'), token_type enum ('BEARER'), primary key (id))
2025-12-03 01:13:46.882 [/] DEBUG [main] org.hibernate.SQL - alter table if exists token add constraint FKiblu4cjwvyntq3ugo31klp1c6 foreign key (user_id) references _user
2025-12-03 01:13:46.904 [/] INFO  [main] o.s.o.j.LocalContainerEntityManagerFactoryBean - Initialized JPA EntityManagerFactory for persistence unit 'default'
2025-12-03 01:13:47.095 [/] DEBUG [main] o.h.s.internal.StatisticsInitiator - Statistics initialized [enabled=false]
2025-12-03 01:13:47.460 [/] INFO  [main] o.s.d.j.r.query.QueryEnhancerFactory - Hibernate is in classpath; If applicable, HQL parser will be used.
2025-12-03 01:13:48.188 [/] DEBUG [main] c.p.j.config.JwtAuthenticationFilter - Filter 'jwtAuthenticationFilter' configured for use
2025-12-03 01:13:48.292 [/] INFO  [main] o.s.s.c.a.a.c.InitializeAuthenticationProviderBeanManagerConfigurer$InitializeAuthenticationProviderManagerConfigurer - Global AuthenticationManager configured with AuthenticationProvider bean with name authenticationProvider
2025-12-03 01:13:48.295 [/] WARN  [main] o.s.s.c.a.a.c.InitializeUserDetailsBeanManagerConfigurer$InitializeUserDetailsManagerConfigurer - Global AuthenticationManager configured with an AuthenticationProvider bean. UserDetailsService beans will not be used for username/password login. Consider removing the AuthenticationProvider bean. Alternatively, consider using the UserDetailsService in a manually instantiated DaoAuthenticationProvider.
2025-12-03 01:13:48.551 [/] WARN  [main] o.s.b.a.o.j.JpaBaseConfiguration$JpaWebConfiguration - spring.jpa.open-in-view is enabled by default. Therefore, database queries may be performed during view rendering. Explicitly configure spring.jpa.open-in-view to disable this warning
2025-12-03 01:13:48.866 [/] DEBUG [main] o.s.w.s.m.m.a.RequestMappingHandlerMapping - 24 mappings in 'requestMappingHandlerMapping'
2025-12-03 01:13:49.068 [/] DEBUG [main] o.s.w.s.h.SimpleUrlHandlerMapping - Patterns [/webjars/**, /**, /swagger-ui*/*swagger-initializer.js, /swagger-ui*/**] in 'resourceHandlerMapping'
2025-12-03 01:13:49.138 [/] DEBUG [main] o.s.s.web.DefaultSecurityFilterChain - Will secure any request with filters: DisableEncodeUrlFilter, WebAsyncManagerIntegrationFilter, SecurityContextHolderFilter, HeaderWriterFilter, LogoutFilter, JwtAuthenticationFilter, RequestCacheAwareFilter, SecurityContextHolderAwareRequestFilter, AnonymousAuthenticationFilter, SessionManagementFilter, ExceptionTranslationFilter, AuthorizationFilter
2025-12-03 01:13:49.282 [/] DEBUG [main] o.s.w.s.m.m.a.RequestMappingHandlerAdapter - ControllerAdvice beans: 0 @ModelAttribute, 0 @InitBinder, 1 RequestBodyAdvice, 1 ResponseBodyAdvice
2025-12-03 01:13:49.345 [/] DEBUG [main] o.s.w.s.m.m.a.ExceptionHandlerExceptionResolver - ControllerAdvice beans: 2 @ExceptionHandler, 1 ResponseBodyAdvice
2025-12-03 01:13:49.667 [/] INFO  [main] o.s.b.w.e.tomcat.TomcatWebServer - Tomcat started on port 9100 (http) with context path '/'
2025-12-03 01:13:49.683 [/] INFO  [main] c.p.jwt.JwtApplication - Started JwtApplication in 10.832 seconds (process running for 11.524)
2025-12-03 01:14:04.069 [/] DEBUG [http-nio-9100-exec-1] o.s.security.web.FilterChainProxy - Securing POST /h2-console/login.do?jsessionid=b2837a4343f5337a1b3cf2a117692506
2025-12-03 01:14:04.078 [/] DEBUG [http-nio-9100-exec-1] c.p.j.config.JwtAuthenticationFilter - Processing request: POST /h2-console/login.do
2025-12-03 01:14:04.078 [/] DEBUG [http-nio-9100-exec-1] c.p.j.config.JwtAuthenticationFilter - Skipping JWT filter completely for public path: /h2-console
2025-12-03 01:14:04.082 [/] DEBUG [http-nio-9100-exec-1] o.s.s.w.a.AnonymousAuthenticationFilter - Set SecurityContextHolder to anonymous SecurityContext
2025-12-03 01:14:04.085 [/] DEBUG [http-nio-9100-exec-1] o.s.security.web.FilterChainProxy - Secured POST /h2-console/login.do?jsessionid=b2837a4343f5337a1b3cf2a117692506
2025-12-03 01:14:04.153 [/] DEBUG [http-nio-9100-exec-2] o.s.security.web.FilterChainProxy - Securing GET /h2-console/stylesheet.css
2025-12-03 01:14:04.153 [/] DEBUG [http-nio-9100-exec-2] c.p.j.config.JwtAuthenticationFilter - Processing request: GET /h2-console/stylesheet.css
2025-12-03 01:14:04.154 [/] DEBUG [http-nio-9100-exec-2] c.p.j.config.JwtAuthenticationFilter - Skipping JWT filter completely for public path: /h2-console
2025-12-03 01:14:04.154 [/] DEBUG [http-nio-9100-exec-2] o.s.s.w.a.AnonymousAuthenticationFilter - Set SecurityContextHolder to anonymous SecurityContext
2025-12-03 01:14:04.154 [/] DEBUG [http-nio-9100-exec-2] o.s.security.web.FilterChainProxy - Secured GET /h2-console/stylesheet.css
2025-12-03 01:14:04.220 [/] DEBUG [http-nio-9100-exec-3] o.s.security.web.FilterChainProxy - Securing GET /h2-console/login.jsp?jsessionid=450cbb6b271b8235f9b92a3add7c22e0
2025-12-03 01:14:04.222 [/] DEBUG [http-nio-9100-exec-3] c.p.j.config.JwtAuthenticationFilter - Processing request: GET /h2-console/login.jsp
2025-12-03 01:14:04.222 [/] DEBUG [http-nio-9100-exec-3] c.p.j.config.JwtAuthenticationFilter - Skipping JWT filter completely for public path: /h2-console
2025-12-03 01:14:04.222 [/] DEBUG [http-nio-9100-exec-3] o.s.s.w.a.AnonymousAuthenticationFilter - Set SecurityContextHolder to anonymous SecurityContext
2025-12-03 01:14:04.223 [/] DEBUG [http-nio-9100-exec-3] o.s.security.web.FilterChainProxy - Secured GET /h2-console/login.jsp?jsessionid=450cbb6b271b8235f9b92a3add7c22e0
2025-12-03 01:14:04.290 [/] DEBUG [http-nio-9100-exec-4] o.s.security.web.FilterChainProxy - Securing GET /h2-console/background.gif
2025-12-03 01:14:04.291 [/] DEBUG [http-nio-9100-exec-4] c.p.j.config.JwtAuthenticationFilter - Processing request: GET /h2-console/background.gif
2025-12-03 01:14:04.291 [/] DEBUG [http-nio-9100-exec-4] c.p.j.config.JwtAuthenticationFilter - Skipping JWT filter completely for public path: /h2-console
2025-12-03 01:14:04.291 [/] DEBUG [http-nio-9100-exec-4] o.s.s.w.a.AnonymousAuthenticationFilter - Set SecurityContextHolder to anonymous SecurityContext
2025-12-03 01:14:04.292 [/] DEBUG [http-nio-9100-exec-4] o.s.security.web.FilterChainProxy - Secured GET /h2-console/background.gif
2025-12-03 01:14:04.304 [/] INFO  [http-nio-9100-exec-5] o.a.c.c.C.[Tomcat].[localhost].[/] - Initializing Spring DispatcherServlet 'dispatcherServlet'
2025-12-03 01:14:04.304 [/] INFO  [http-nio-9100-exec-5] o.s.web.servlet.DispatcherServlet - Initializing Servlet 'dispatcherServlet'
2025-12-03 01:14:04.304 [/] DEBUG [http-nio-9100-exec-5] o.s.web.servlet.DispatcherServlet - Detected StandardServletMultipartResolver
2025-12-03 01:14:04.304 [/] DEBUG [http-nio-9100-exec-5] o.s.web.servlet.DispatcherServlet - Detected AcceptHeaderLocaleResolver
2025-12-03 01:14:04.306 [/] DEBUG [http-nio-9100-exec-5] o.s.web.servlet.DispatcherServlet - Detected FixedThemeResolver
2025-12-03 01:14:04.307 [/] DEBUG [http-nio-9100-exec-5] o.s.web.servlet.DispatcherServlet - Detected org.springframework.web.servlet.view.DefaultRequestToViewNameTranslator@36d9efa6
2025-12-03 01:14:04.308 [/] DEBUG [http-nio-9100-exec-5] o.s.web.servlet.DispatcherServlet - Detected org.springframework.web.servlet.support.SessionFlashMapManager@4c6e0143
2025-12-03 01:14:04.309 [/] DEBUG [http-nio-9100-exec-5] o.s.web.servlet.DispatcherServlet - enableLoggingRequestDetails='false': request parameters and headers will be masked to prevent unsafe logging of potentially sensitive data
2025-12-03 01:14:04.309 [/] INFO  [http-nio-9100-exec-5] o.s.web.servlet.DispatcherServlet - Completed initialization in 5 ms
2025-12-03 01:14:04.311 [/] DEBUG [http-nio-9100-exec-5] o.s.security.web.FilterChainProxy - Securing GET /favicon.ico
2025-12-03 01:14:04.311 [/] DEBUG [http-nio-9100-exec-5] c.p.j.config.JwtAuthenticationFilter - Processing request: GET /favicon.ico
2025-12-03 01:14:04.311 [/] DEBUG [http-nio-9100-exec-5] c.p.j.config.JwtAuthenticationFilter - No valid Authorization header found for: /favicon.ico
2025-12-03 01:14:04.312 [/] DEBUG [http-nio-9100-exec-5] o.s.s.w.a.AnonymousAuthenticationFilter - Set SecurityContextHolder to anonymous SecurityContext
2025-12-03 01:14:04.315 [/] ERROR [http-nio-9100-exec-5] c.p.jwt.config.SecurityConfig - ❌ Error de autenticación (401): Full authentication is required to access this resource - Path: /favicon.ico
2025-12-03 01:14:11.439 [/] DEBUG [http-nio-9100-exec-6] o.s.security.web.FilterChainProxy - Securing POST /h2-console/login.do?jsessionid=450cbb6b271b8235f9b92a3add7c22e0
2025-12-03 01:14:11.439 [/] DEBUG [http-nio-9100-exec-6] c.p.j.config.JwtAuthenticationFilter - Processing request: POST /h2-console/login.do
2025-12-03 01:14:11.439 [/] DEBUG [http-nio-9100-exec-6] c.p.j.config.JwtAuthenticationFilter - Skipping JWT filter completely for public path: /h2-console
2025-12-03 01:14:11.439 [/] DEBUG [http-nio-9100-exec-6] o.s.s.w.a.AnonymousAuthenticationFilter - Set SecurityContextHolder to anonymous SecurityContext
2025-12-03 01:14:11.439 [/] DEBUG [http-nio-9100-exec-6] o.s.security.web.FilterChainProxy - Secured POST /h2-console/login.do?jsessionid=450cbb6b271b8235f9b92a3add7c22e0
2025-12-03 01:14:11.545 [/] DEBUG [http-nio-9100-exec-7] o.s.security.web.FilterChainProxy - Securing GET /h2-console/stylesheet.css
2025-12-03 01:14:11.545 [/] DEBUG [http-nio-9100-exec-7] c.p.j.config.JwtAuthenticationFilter - Processing request: GET /h2-console/stylesheet.css
2025-12-03 01:14:11.545 [/] DEBUG [http-nio-9100-exec-7] c.p.j.config.JwtAuthenticationFilter - Skipping JWT filter completely for public path: /h2-console
2025-12-03 01:14:11.545 [/] DEBUG [http-nio-9100-exec-7] o.s.s.w.a.AnonymousAuthenticationFilter - Set SecurityContextHolder to anonymous SecurityContext
2025-12-03 01:14:11.545 [/] DEBUG [http-nio-9100-exec-7] o.s.security.web.FilterChainProxy - Secured GET /h2-console/stylesheet.css
2025-12-03 01:14:11.556 [/] DEBUG [http-nio-9100-exec-8] o.s.security.web.FilterChainProxy - Securing GET /h2-console/header.jsp?jsessionid=450cbb6b271b8235f9b92a3add7c22e0
2025-12-03 01:14:11.556 [/] DEBUG [http-nio-9100-exec-8] c.p.j.config.JwtAuthenticationFilter - Processing request: GET /h2-console/header.jsp
2025-12-03 01:14:11.556 [/] DEBUG [http-nio-9100-exec-8] c.p.j.config.JwtAuthenticationFilter - Skipping JWT filter completely for public path: /h2-console
2025-12-03 01:14:11.556 [/] DEBUG [http-nio-9100-exec-8] o.s.s.w.a.AnonymousAuthenticationFilter - Set SecurityContextHolder to anonymous SecurityContext
2025-12-03 01:14:11.556 [/] DEBUG [http-nio-9100-exec-8] o.s.security.web.FilterChainProxy - Secured GET /h2-console/header.jsp?jsessionid=450cbb6b271b8235f9b92a3add7c22e0
2025-12-03 01:14:11.558 [/] DEBUG [http-nio-9100-exec-9] o.s.security.web.FilterChainProxy - Securing GET /h2-console/query.jsp?jsessionid=450cbb6b271b8235f9b92a3add7c22e0
2025-12-03 01:14:11.558 [/] DEBUG [http-nio-9100-exec-10] o.s.security.web.FilterChainProxy - Securing GET /h2-console/tables.do?jsessionid=450cbb6b271b8235f9b92a3add7c22e0
2025-12-03 01:14:11.558 [/] DEBUG [http-nio-9100-exec-1] o.s.security.web.FilterChainProxy - Securing GET /h2-console/help.jsp?jsessionid=450cbb6b271b8235f9b92a3add7c22e0
2025-12-03 01:14:11.558 [/] DEBUG [http-nio-9100-exec-9] c.p.j.config.JwtAuthenticationFilter - Processing request: GET /h2-console/query.jsp
2025-12-03 01:14:11.558 [/] DEBUG [http-nio-9100-exec-10] c.p.j.config.JwtAuthenticationFilter - Processing request: GET /h2-console/tables.do
2025-12-03 01:14:11.558 [/] DEBUG [http-nio-9100-exec-9] c.p.j.config.JwtAuthenticationFilter - Skipping JWT filter completely for public path: /h2-console
2025-12-03 01:14:11.558 [/] DEBUG [http-nio-9100-exec-10] c.p.j.config.JwtAuthenticationFilter - Skipping JWT filter completely for public path: /h2-console
2025-12-03 01:14:11.558 [/] DEBUG [http-nio-9100-exec-1] c.p.j.config.JwtAuthenticationFilter - Processing request: GET /h2-console/help.jsp
2025-12-03 01:14:11.558 [/] DEBUG [http-nio-9100-exec-10] o.s.s.w.a.AnonymousAuthenticationFilter - Set SecurityContextHolder to anonymous SecurityContext
2025-12-03 01:14:11.558 [/] DEBUG [http-nio-9100-exec-9] o.s.s.w.a.AnonymousAuthenticationFilter - Set SecurityContextHolder to anonymous SecurityContext
2025-12-03 01:14:11.558 [/] DEBUG [http-nio-9100-exec-1] c.p.j.config.JwtAuthenticationFilter - Skipping JWT filter completely for public path: /h2-console
2025-12-03 01:14:11.560 [/] DEBUG [http-nio-9100-exec-1] o.s.s.w.a.AnonymousAuthenticationFilter - Set SecurityContextHolder to anonymous SecurityContext
2025-12-03 01:14:11.560 [/] DEBUG [http-nio-9100-exec-10] o.s.security.web.FilterChainProxy - Secured GET /h2-console/tables.do?jsessionid=450cbb6b271b8235f9b92a3add7c22e0
2025-12-03 01:14:11.560 [/] DEBUG [http-nio-9100-exec-9] o.s.security.web.FilterChainProxy - Secured GET /h2-console/query.jsp?jsessionid=450cbb6b271b8235f9b92a3add7c22e0
2025-12-03 01:14:11.560 [/] DEBUG [http-nio-9100-exec-1] o.s.security.web.FilterChainProxy - Secured GET /h2-console/help.jsp?jsessionid=450cbb6b271b8235f9b92a3add7c22e0
2025-12-03 01:14:11.565 [/] DEBUG [http-nio-9100-exec-2] o.s.security.web.FilterChainProxy - Securing GET /favicon.ico
2025-12-03 01:14:11.565 [/] DEBUG [http-nio-9100-exec-2] c.p.j.config.JwtAuthenticationFilter - Processing request: GET /favicon.ico
2025-12-03 01:14:11.565 [/] DEBUG [http-nio-9100-exec-2] c.p.j.config.JwtAuthenticationFilter - No valid Authorization header found for: /favicon.ico
2025-12-03 01:14:11.565 [/] DEBUG [http-nio-9100-exec-2] o.s.s.w.a.AnonymousAuthenticationFilter - Set SecurityContextHolder to anonymous SecurityContext
2025-12-03 01:14:11.568 [/] ERROR [http-nio-9100-exec-2] c.p.jwt.config.SecurityConfig - ❌ Error de autenticación (401): Full authentication is required to access this resource - Path: /favicon.ico
2025-12-03 01:14:11.610 [/] DEBUG [http-nio-9100-exec-3] o.s.security.web.FilterChainProxy - Securing GET /h2-console/icon_help.gif
2025-12-03 01:14:11.610 [/] DEBUG [http-nio-9100-exec-3] c.p.j.config.JwtAuthenticationFilter - Processing request: GET /h2-console/icon_help.gif
2025-12-03 01:14:11.611 [/] DEBUG [http-nio-9100-exec-3] c.p.j.config.JwtAuthenticationFilter - Skipping JWT filter completely for public path: /h2-console
2025-12-03 01:14:11.611 [/] DEBUG [http-nio-9100-exec-3] o.s.s.w.a.AnonymousAuthenticationFilter - Set SecurityContextHolder to anonymous SecurityContext
2025-12-03 01:14:11.611 [/] DEBUG [http-nio-9100-exec-3] o.s.security.web.FilterChainProxy - Secured GET /h2-console/icon_help.gif
2025-12-03 01:14:11.625 [/] DEBUG [http-nio-9100-exec-4] o.s.security.web.FilterChainProxy - Securing GET /h2-console/icon_disconnect.gif
2025-12-03 01:14:11.626 [/] DEBUG [http-nio-9100-exec-4] c.p.j.config.JwtAuthenticationFilter - Processing request: GET /h2-console/icon_disconnect.gif
2025-12-03 01:14:11.627 [/] DEBUG [http-nio-9100-exec-4] c.p.j.config.JwtAuthenticationFilter - Skipping JWT filter completely for public path: /h2-console
2025-12-03 01:14:11.627 [/] DEBUG [http-nio-9100-exec-4] o.s.s.w.a.AnonymousAuthenticationFilter - Set SecurityContextHolder to anonymous SecurityContext
2025-12-03 01:14:11.627 [/] DEBUG [http-nio-9100-exec-4] o.s.security.web.FilterChainProxy - Secured GET /h2-console/icon_disconnect.gif
2025-12-03 01:14:11.632 [/] DEBUG [http-nio-9100-exec-5] o.s.security.web.FilterChainProxy - Securing GET /h2-console/icon_line.gif
2025-12-03 01:14:11.632 [/] DEBUG [http-nio-9100-exec-5] c.p.j.config.JwtAuthenticationFilter - Processing request: GET /h2-console/icon_line.gif
2025-12-03 01:14:11.632 [/] DEBUG [http-nio-9100-exec-5] c.p.j.config.JwtAuthenticationFilter - Skipping JWT filter completely for public path: /h2-console
2025-12-03 01:14:11.632 [/] DEBUG [http-nio-9100-exec-6] o.s.security.web.FilterChainProxy - Securing GET /h2-console/icon_refresh.gif
2025-12-03 01:14:11.635 [/] DEBUG [http-nio-9100-exec-6] c.p.j.config.JwtAuthenticationFilter - Processing request: GET /h2-console/icon_refresh.gif
2025-12-03 01:14:11.635 [/] DEBUG [http-nio-9100-exec-5] o.s.s.w.a.AnonymousAuthenticationFilter - Set SecurityContextHolder to anonymous SecurityContext
2025-12-03 01:14:11.635 [/] DEBUG [http-nio-9100-exec-7] o.s.security.web.FilterChainProxy - Securing GET /h2-console/icon_rollback.gif
2025-12-03 01:14:11.635 [/] DEBUG [http-nio-9100-exec-6] c.p.j.config.JwtAuthenticationFilter - Skipping JWT filter completely for public path: /h2-console
2025-12-03 01:14:11.635 [/] DEBUG [http-nio-9100-exec-7] c.p.j.config.JwtAuthenticationFilter - Processing request: GET /h2-console/icon_rollback.gif
2025-12-03 01:14:11.635 [/] DEBUG [http-nio-9100-exec-6] o.s.s.w.a.AnonymousAuthenticationFilter - Set SecurityContextHolder to anonymous SecurityContext
2025-12-03 01:14:11.635 [/] DEBUG [http-nio-9100-exec-7] c.p.j.config.JwtAuthenticationFilter - Skipping JWT filter completely for public path: /h2-console
2025-12-03 01:14:11.635 [/] DEBUG [http-nio-9100-exec-5] o.s.security.web.FilterChainProxy - Secured GET /h2-console/icon_line.gif
2025-12-03 01:14:11.636 [/] DEBUG [http-nio-9100-exec-6] o.s.security.web.FilterChainProxy - Secured GET /h2-console/icon_refresh.gif
2025-12-03 01:14:11.635 [/] DEBUG [http-nio-9100-exec-7] o.s.s.w.a.AnonymousAuthenticationFilter - Set SecurityContextHolder to anonymous SecurityContext
2025-12-03 01:14:11.636 [/] DEBUG [http-nio-9100-exec-7] o.s.security.web.FilterChainProxy - Secured GET /h2-console/icon_rollback.gif
2025-12-03 01:14:11.638 [/] DEBUG [http-nio-9100-exec-8] o.s.security.web.FilterChainProxy - Securing GET /h2-console/icon_commit.gif
2025-12-03 01:14:11.638 [/] DEBUG [http-nio-9100-exec-1] o.s.security.web.FilterChainProxy - Securing GET /h2-console/icon_run.gif
2025-12-03 01:14:11.638 [/] DEBUG [http-nio-9100-exec-8] c.p.j.config.JwtAuthenticationFilter - Processing request: GET /h2-console/icon_commit.gif
2025-12-03 01:14:11.638 [/] DEBUG [http-nio-9100-exec-1] c.p.j.config.JwtAuthenticationFilter - Processing request: GET /h2-console/icon_run.gif
2025-12-03 01:14:11.638 [/] DEBUG [http-nio-9100-exec-8] c.p.j.config.JwtAuthenticationFilter - Skipping JWT filter completely for public path: /h2-console
2025-12-03 01:14:11.640 [/] DEBUG [http-nio-9100-exec-1] c.p.j.config.JwtAuthenticationFilter - Skipping JWT filter completely for public path: /h2-console
2025-12-03 01:14:11.640 [/] DEBUG [http-nio-9100-exec-8] o.s.s.w.a.AnonymousAuthenticationFilter - Set SecurityContextHolder to anonymous SecurityContext
2025-12-03 01:14:11.640 [/] DEBUG [http-nio-9100-exec-1] o.s.s.w.a.AnonymousAuthenticationFilter - Set SecurityContextHolder to anonymous SecurityContext
2025-12-03 01:14:11.640 [/] DEBUG [http-nio-9100-exec-8] o.s.security.web.FilterChainProxy - Secured GET /h2-console/icon_commit.gif
2025-12-03 01:14:11.640 [/] DEBUG [http-nio-9100-exec-1] o.s.security.web.FilterChainProxy - Secured GET /h2-console/icon_run.gif
2025-12-03 01:14:11.640 [/] DEBUG [http-nio-9100-exec-9] o.s.security.web.FilterChainProxy - Securing GET /h2-console/icon_run_selected.gif
2025-12-03 01:14:11.642 [/] DEBUG [http-nio-9100-exec-9] c.p.j.config.JwtAuthenticationFilter - Processing request: GET /h2-console/icon_run_selected.gif
2025-12-03 01:14:11.642 [/] DEBUG [http-nio-9100-exec-9] c.p.j.config.JwtAuthenticationFilter - Skipping JWT filter completely for public path: /h2-console
2025-12-03 01:14:11.642 [/] DEBUG [http-nio-9100-exec-9] o.s.s.w.a.AnonymousAuthenticationFilter - Set SecurityContextHolder to anonymous SecurityContext
2025-12-03 01:14:11.642 [/] DEBUG [http-nio-9100-exec-2] o.s.security.web.FilterChainProxy - Securing GET /h2-console/icon_stop.gif
2025-12-03 01:14:11.643 [/] DEBUG [http-nio-9100-exec-2] c.p.j.config.JwtAuthenticationFilter - Processing request: GET /h2-console/icon_stop.gif
2025-12-03 01:14:11.643 [/] DEBUG [http-nio-9100-exec-2] c.p.j.config.JwtAuthenticationFilter - Skipping JWT filter completely for public path: /h2-console
2025-12-03 01:14:11.643 [/] DEBUG [http-nio-9100-exec-2] o.s.s.w.a.AnonymousAuthenticationFilter - Set SecurityContextHolder to anonymous SecurityContext
2025-12-03 01:14:11.643 [/] DEBUG [http-nio-9100-exec-2] o.s.security.web.FilterChainProxy - Secured GET /h2-console/icon_stop.gif
2025-12-03 01:14:11.643 [/] DEBUG [http-nio-9100-exec-9] o.s.security.web.FilterChainProxy - Secured GET /h2-console/icon_run_selected.gif
2025-12-03 01:14:11.643 [/] DEBUG [http-nio-9100-exec-3] o.s.security.web.FilterChainProxy - Securing GET /h2-console/icon_history.gif
2025-12-03 01:14:11.652 [/] DEBUG [http-nio-9100-exec-3] c.p.j.config.JwtAuthenticationFilter - Processing request: GET /h2-console/icon_history.gif
2025-12-03 01:14:11.652 [/] DEBUG [http-nio-9100-exec-3] c.p.j.config.JwtAuthenticationFilter - Skipping JWT filter completely for public path: /h2-console
2025-12-03 01:14:11.652 [/] DEBUG [http-nio-9100-exec-3] o.s.s.w.a.AnonymousAuthenticationFilter - Set SecurityContextHolder to anonymous SecurityContext
2025-12-03 01:14:11.652 [/] DEBUG [http-nio-9100-exec-3] o.s.security.web.FilterChainProxy - Secured GET /h2-console/icon_history.gif
2025-12-03 01:14:11.782 [/] DEBUG [http-nio-9100-exec-4] o.s.security.web.FilterChainProxy - Securing GET /h2-console/tree.js
2025-12-03 01:14:11.784 [/] DEBUG [http-nio-9100-exec-4] c.p.j.config.JwtAuthenticationFilter - Processing request: GET /h2-console/tree.js
2025-12-03 01:14:11.784 [/] DEBUG [http-nio-9100-exec-4] c.p.j.config.JwtAuthenticationFilter - Skipping JWT filter completely for public path: /h2-console
2025-12-03 01:14:11.785 [/] DEBUG [http-nio-9100-exec-4] o.s.s.w.a.AnonymousAuthenticationFilter - Set SecurityContextHolder to anonymous SecurityContext
2025-12-03 01:14:11.785 [/] DEBUG [http-nio-9100-exec-4] o.s.security.web.FilterChainProxy - Secured GET /h2-console/tree.js
2025-12-03 01:14:11.826 [/] DEBUG [http-nio-9100-exec-8] o.s.security.web.FilterChainProxy - Securing GET /h2-console/tree_table.gif
2025-12-03 01:14:11.826 [/] DEBUG [http-nio-9100-exec-5] o.s.security.web.FilterChainProxy - Securing GET /h2-console/tree_plus.gif
2025-12-03 01:14:11.826 [/] DEBUG [http-nio-9100-exec-7] o.s.security.web.FilterChainProxy - Securing GET /h2-console/tree_database.gif
2025-12-03 01:14:11.826 [/] DEBUG [http-nio-9100-exec-1] o.s.security.web.FilterChainProxy - Securing GET /h2-console/tree_empty.gif
2025-12-03 01:14:11.826 [/] DEBUG [http-nio-9100-exec-6] o.s.security.web.FilterChainProxy - Securing GET /h2-console/tree_minus.gif
2025-12-03 01:14:11.826 [/] DEBUG [http-nio-9100-exec-2] o.s.security.web.FilterChainProxy - Securing GET /h2-console/tree_column.gif
2025-12-03 01:14:11.826 [/] DEBUG [http-nio-9100-exec-5] c.p.j.config.JwtAuthenticationFilter - Processing request: GET /h2-console/tree_plus.gif
2025-12-03 01:14:11.826 [/] DEBUG [http-nio-9100-exec-6] c.p.j.config.JwtAuthenticationFilter - Processing request: GET /h2-console/tree_minus.gif
2025-12-03 01:14:11.826 [/] DEBUG [http-nio-9100-exec-7] c.p.j.config.JwtAuthenticationFilter - Processing request: GET /h2-console/tree_database.gif
2025-12-03 01:14:11.826 [/] DEBUG [http-nio-9100-exec-6] c.p.j.config.JwtAuthenticationFilter - Skipping JWT filter completely for public path: /h2-console
2025-12-03 01:14:11.826 [/] DEBUG [http-nio-9100-exec-7] c.p.j.config.JwtAuthenticationFilter - Skipping JWT filter completely for public path: /h2-console
2025-12-03 01:14:11.826 [/] DEBUG [http-nio-9100-exec-8] c.p.j.config.JwtAuthenticationFilter - Processing request: GET /h2-console/tree_table.gif
2025-12-03 01:14:11.826 [/] DEBUG [http-nio-9100-exec-1] c.p.j.config.JwtAuthenticationFilter - Processing request: GET /h2-console/tree_empty.gif
2025-12-03 01:14:11.826 [/] DEBUG [http-nio-9100-exec-2] c.p.j.config.JwtAuthenticationFilter - Processing request: GET /h2-console/tree_column.gif
2025-12-03 01:14:11.826 [/] DEBUG [http-nio-9100-exec-5] c.p.j.config.JwtAuthenticationFilter - Skipping JWT filter completely for public path: /h2-console
2025-12-03 01:14:11.826 [/] DEBUG [http-nio-9100-exec-7] o.s.s.w.a.AnonymousAuthenticationFilter - Set SecurityContextHolder to anonymous SecurityContext
2025-12-03 01:14:11.826 [/] DEBUG [http-nio-9100-exec-6] o.s.s.w.a.AnonymousAuthenticationFilter - Set SecurityContextHolder to anonymous SecurityContext
2025-12-03 01:14:11.826 [/] DEBUG [http-nio-9100-exec-8] c.p.j.config.JwtAuthenticationFilter - Skipping JWT filter completely for public path: /h2-console
2025-12-03 01:14:11.829 [/] DEBUG [http-nio-9100-exec-5] o.s.s.w.a.AnonymousAuthenticationFilter - Set SecurityContextHolder to anonymous SecurityContext
2025-12-03 01:14:11.829 [/] DEBUG [http-nio-9100-exec-1] c.p.j.config.JwtAuthenticationFilter - Skipping JWT filter completely for public path: /h2-console
2025-12-03 01:14:11.829 [/] DEBUG [http-nio-9100-exec-2] c.p.j.config.JwtAuthenticationFilter - Skipping JWT filter completely for public path: /h2-console
2025-12-03 01:14:11.829 [/] DEBUG [http-nio-9100-exec-8] o.s.s.w.a.AnonymousAuthenticationFilter - Set SecurityContextHolder to anonymous SecurityContext
2025-12-03 01:14:11.829 [/] DEBUG [http-nio-9100-exec-1] o.s.s.w.a.AnonymousAuthenticationFilter - Set SecurityContextHolder to anonymous SecurityContext
2025-12-03 01:14:11.829 [/] DEBUG [http-nio-9100-exec-6] o.s.security.web.FilterChainProxy - Secured GET /h2-console/tree_minus.gif
2025-12-03 01:14:11.829 [/] DEBUG [http-nio-9100-exec-7] o.s.security.web.FilterChainProxy - Secured GET /h2-console/tree_database.gif
2025-12-03 01:14:11.829 [/] DEBUG [http-nio-9100-exec-5] o.s.security.web.FilterChainProxy - Secured GET /h2-console/tree_plus.gif
2025-12-03 01:14:11.829 [/] DEBUG [http-nio-9100-exec-2] o.s.s.w.a.AnonymousAuthenticationFilter - Set SecurityContextHolder to anonymous SecurityContext
2025-12-03 01:14:11.829 [/] DEBUG [http-nio-9100-exec-8] o.s.security.web.FilterChainProxy - Secured GET /h2-console/tree_table.gif
2025-12-03 01:14:11.831 [/] DEBUG [http-nio-9100-exec-1] o.s.security.web.FilterChainProxy - Secured GET /h2-console/tree_empty.gif
2025-12-03 01:14:11.831 [/] DEBUG [http-nio-9100-exec-2] o.s.security.web.FilterChainProxy - Secured GET /h2-console/tree_column.gif
2025-12-03 01:14:11.835 [/] DEBUG [http-nio-9100-exec-5] o.s.security.web.FilterChainProxy - Securing GET /h2-console/tree_folder.gif
2025-12-03 01:14:11.836 [/] DEBUG [http-nio-9100-exec-5] c.p.j.config.JwtAuthenticationFilter - Processing request: GET /h2-console/tree_folder.gif
2025-12-03 01:14:11.836 [/] DEBUG [http-nio-9100-exec-5] c.p.j.config.JwtAuthenticationFilter - Skipping JWT filter completely for public path: /h2-console
2025-12-03 01:14:11.838 [/] DEBUG [http-nio-9100-exec-5] o.s.s.w.a.AnonymousAuthenticationFilter - Set SecurityContextHolder to anonymous SecurityContext
2025-12-03 01:14:11.838 [/] DEBUG [http-nio-9100-exec-5] o.s.security.web.FilterChainProxy - Secured GET /h2-console/tree_folder.gif
2025-12-03 01:14:11.838 [/] DEBUG [http-nio-9100-exec-3] o.s.security.web.FilterChainProxy - Securing GET /h2-console/tree_type.gif
2025-12-03 01:14:11.839 [/] DEBUG [http-nio-9100-exec-3] c.p.j.config.JwtAuthenticationFilter - Processing request: GET /h2-console/tree_type.gif
2025-12-03 01:14:11.839 [/] DEBUG [http-nio-9100-exec-3] c.p.j.config.JwtAuthenticationFilter - Skipping JWT filter completely for public path: /h2-console
2025-12-03 01:14:11.839 [/] DEBUG [http-nio-9100-exec-3] o.s.s.w.a.AnonymousAuthenticationFilter - Set SecurityContextHolder to anonymous SecurityContext
2025-12-03 01:14:11.840 [/] DEBUG [http-nio-9100-exec-3] o.s.security.web.FilterChainProxy - Secured GET /h2-console/tree_type.gif
2025-12-03 01:14:11.842 [/] DEBUG [http-nio-9100-exec-10] o.s.security.web.FilterChainProxy - Securing GET /h2-console/tree_index_az.gif
2025-12-03 01:14:11.843 [/] DEBUG [http-nio-9100-exec-10] c.p.j.config.JwtAuthenticationFilter - Processing request: GET /h2-console/tree_index_az.gif
2025-12-03 01:14:11.843 [/] DEBUG [http-nio-9100-exec-10] c.p.j.config.JwtAuthenticationFilter - Skipping JWT filter completely for public path: /h2-console
2025-12-03 01:14:11.843 [/] DEBUG [http-nio-9100-exec-10] o.s.s.w.a.AnonymousAuthenticationFilter - Set SecurityContextHolder to anonymous SecurityContext
2025-12-03 01:14:11.845 [/] DEBUG [http-nio-9100-exec-10] o.s.security.web.FilterChainProxy - Secured GET /h2-console/tree_index_az.gif
2025-12-03 01:14:11.845 [/] DEBUG [http-nio-9100-exec-4] o.s.security.web.FilterChainProxy - Securing GET /h2-console/tree_index.gif
2025-12-03 01:14:11.846 [/] DEBUG [http-nio-9100-exec-4] c.p.j.config.JwtAuthenticationFilter - Processing request: GET /h2-console/tree_index.gif
2025-12-03 01:14:11.846 [/] DEBUG [http-nio-9100-exec-4] c.p.j.config.JwtAuthenticationFilter - Skipping JWT filter completely for public path: /h2-console
2025-12-03 01:14:11.846 [/] DEBUG [http-nio-9100-exec-4] o.s.s.w.a.AnonymousAuthenticationFilter - Set SecurityContextHolder to anonymous SecurityContext
2025-12-03 01:14:11.847 [/] DEBUG [http-nio-9100-exec-4] o.s.security.web.FilterChainProxy - Secured GET /h2-console/tree_index.gif
2025-12-03 01:14:11.850 [/] DEBUG [http-nio-9100-exec-10] o.s.security.web.FilterChainProxy - Securing GET /h2-console/tree_view.gif
2025-12-03 01:14:11.851 [/] DEBUG [http-nio-9100-exec-10] c.p.j.config.JwtAuthenticationFilter - Processing request: GET /h2-console/tree_view.gif
2025-12-03 01:14:11.851 [/] DEBUG [http-nio-9100-exec-10] c.p.j.config.JwtAuthenticationFilter - Skipping JWT filter completely for public path: /h2-console
2025-12-03 01:14:11.851 [/] DEBUG [http-nio-9100-exec-10] o.s.s.w.a.AnonymousAuthenticationFilter - Set SecurityContextHolder to anonymous SecurityContext
2025-12-03 01:14:11.852 [/] DEBUG [http-nio-9100-exec-10] o.s.security.web.FilterChainProxy - Secured GET /h2-console/tree_view.gif
2025-12-03 01:14:11.855 [/] DEBUG [http-nio-9100-exec-7] o.s.security.web.FilterChainProxy - Securing GET /h2-console/tree_sequences.gif
2025-12-03 01:14:11.856 [/] DEBUG [http-nio-9100-exec-7] c.p.j.config.JwtAuthenticationFilter - Processing request: GET /h2-console/tree_sequences.gif
2025-12-03 01:14:11.856 [/] DEBUG [http-nio-9100-exec-7] c.p.j.config.JwtAuthenticationFilter - Skipping JWT filter completely for public path: /h2-console
2025-12-03 01:14:11.857 [/] DEBUG [http-nio-9100-exec-7] o.s.s.w.a.AnonymousAuthenticationFilter - Set SecurityContextHolder to anonymous SecurityContext
2025-12-03 01:14:11.857 [/] DEBUG [http-nio-9100-exec-7] o.s.security.web.FilterChainProxy - Secured GET /h2-console/tree_sequences.gif
2025-12-03 01:14:11.861 [/] DEBUG [http-nio-9100-exec-8] o.s.security.web.FilterChainProxy - Securing GET /h2-console/tree_info.gif
2025-12-03 01:14:11.861 [/] DEBUG [http-nio-9100-exec-8] c.p.j.config.JwtAuthenticationFilter - Processing request: GET /h2-console/tree_info.gif
2025-12-03 01:14:11.861 [/] DEBUG [http-nio-9100-exec-8] c.p.j.config.JwtAuthenticationFilter - Skipping JWT filter completely for public path: /h2-console
2025-12-03 01:14:11.861 [/] DEBUG [http-nio-9100-exec-8] o.s.s.w.a.AnonymousAuthenticationFilter - Set SecurityContextHolder to anonymous SecurityContext
2025-12-03 01:14:11.863 [/] DEBUG [http-nio-9100-exec-8] o.s.security.web.FilterChainProxy - Secured GET /h2-console/tree_info.gif
2025-12-03 01:14:11.867 [/] DEBUG [http-nio-9100-exec-6] o.s.security.web.FilterChainProxy - Securing GET /h2-console/tree_sequence.gif
2025-12-03 01:14:11.867 [/] DEBUG [http-nio-9100-exec-6] c.p.j.config.JwtAuthenticationFilter - Processing request: GET /h2-console/tree_sequence.gif
2025-12-03 01:14:11.868 [/] DEBUG [http-nio-9100-exec-6] c.p.j.config.JwtAuthenticationFilter - Skipping JWT filter completely for public path: /h2-console
2025-12-03 01:14:11.868 [/] DEBUG [http-nio-9100-exec-6] o.s.s.w.a.AnonymousAuthenticationFilter - Set SecurityContextHolder to anonymous SecurityContext
2025-12-03 01:14:11.868 [/] DEBUG [http-nio-9100-exec-6] o.s.security.web.FilterChainProxy - Secured GET /h2-console/tree_sequence.gif
2025-12-03 01:14:11.873 [/] DEBUG [http-nio-9100-exec-2] o.s.security.web.FilterChainProxy - Securing GET /h2-console/tree_users.gif
2025-12-03 01:14:11.874 [/] DEBUG [http-nio-9100-exec-2] c.p.j.config.JwtAuthenticationFilter - Processing request: GET /h2-console/tree_users.gif
2025-12-03 01:14:11.875 [/] DEBUG [http-nio-9100-exec-2] c.p.j.config.JwtAuthenticationFilter - Skipping JWT filter completely for public path: /h2-console
2025-12-03 01:14:11.875 [/] DEBUG [http-nio-9100-exec-2] o.s.s.w.a.AnonymousAuthenticationFilter - Set SecurityContextHolder to anonymous SecurityContext
2025-12-03 01:14:11.875 [/] DEBUG [http-nio-9100-exec-2] o.s.security.web.FilterChainProxy - Secured GET /h2-console/tree_users.gif
2025-12-03 01:14:11.878 [/] DEBUG [http-nio-9100-exec-9] o.s.security.web.FilterChainProxy - Securing GET /h2-console/tree_user.gif
2025-12-03 01:14:11.880 [/] DEBUG [http-nio-9100-exec-9] c.p.j.config.JwtAuthenticationFilter - Processing request: GET /h2-console/tree_user.gif
2025-12-03 01:14:11.880 [/] DEBUG [http-nio-9100-exec-9] c.p.j.config.JwtAuthenticationFilter - Skipping JWT filter completely for public path: /h2-console
2025-12-03 01:14:11.880 [/] DEBUG [http-nio-9100-exec-9] o.s.s.w.a.AnonymousAuthenticationFilter - Set SecurityContextHolder to anonymous SecurityContext
2025-12-03 01:14:11.881 [/] DEBUG [http-nio-9100-exec-9] o.s.security.web.FilterChainProxy - Secured GET /h2-console/tree_user.gif
2025-12-03 01:14:16.779 [/] DEBUG [http-nio-9100-exec-1] o.s.security.web.FilterChainProxy - Securing POST /h2-console/query.do?jsessionid=450cbb6b271b8235f9b92a3add7c22e0
2025-12-03 01:14:16.779 [/] DEBUG [http-nio-9100-exec-1] c.p.j.config.JwtAuthenticationFilter - Processing request: POST /h2-console/query.do
2025-12-03 01:14:16.779 [/] DEBUG [http-nio-9100-exec-1] c.p.j.config.JwtAuthenticationFilter - Skipping JWT filter completely for public path: /h2-console
2025-12-03 01:14:16.779 [/] DEBUG [http-nio-9100-exec-1] o.s.s.w.a.AnonymousAuthenticationFilter - Set SecurityContextHolder to anonymous SecurityContext
2025-12-03 01:14:16.779 [/] DEBUG [http-nio-9100-exec-1] o.s.security.web.FilterChainProxy - Secured POST /h2-console/query.do?jsessionid=450cbb6b271b8235f9b92a3add7c22e0
2025-12-03 01:14:16.802 [/] DEBUG [http-nio-9100-exec-5] o.s.security.web.FilterChainProxy - Securing GET /h2-console/stylesheet.css
2025-12-03 01:14:16.803 [/] DEBUG [http-nio-9100-exec-5] c.p.j.config.JwtAuthenticationFilter - Processing request: GET /h2-console/stylesheet.css
2025-12-03 01:14:16.803 [/] DEBUG [http-nio-9100-exec-5] c.p.j.config.JwtAuthenticationFilter - Skipping JWT filter completely for public path: /h2-console
2025-12-03 01:14:16.803 [/] DEBUG [http-nio-9100-exec-5] o.s.s.w.a.AnonymousAuthenticationFilter - Set SecurityContextHolder to anonymous SecurityContext
2025-12-03 01:14:16.804 [/] DEBUG [http-nio-9100-exec-5] o.s.security.web.FilterChainProxy - Secured GET /h2-console/stylesheet.css
2025-12-03 01:14:16.807 [/] DEBUG [http-nio-9100-exec-3] o.s.security.web.FilterChainProxy - Securing GET /h2-console/table.js
2025-12-03 01:14:16.808 [/] DEBUG [http-nio-9100-exec-3] c.p.j.config.JwtAuthenticationFilter - Processing request: GET /h2-console/table.js
2025-12-03 01:14:16.808 [/] DEBUG [http-nio-9100-exec-3] c.p.j.config.JwtAuthenticationFilter - Skipping JWT filter completely for public path: /h2-console
2025-12-03 01:14:16.808 [/] DEBUG [http-nio-9100-exec-3] o.s.s.w.a.AnonymousAuthenticationFilter - Set SecurityContextHolder to anonymous SecurityContext
2025-12-03 01:14:16.808 [/] DEBUG [http-nio-9100-exec-3] o.s.security.web.FilterChainProxy - Secured GET /h2-console/table.js
2025-12-03 01:14:29.202 [/] DEBUG [http-nio-9100-exec-10] o.s.security.web.FilterChainProxy - Securing POST /api/v1/auth/register
2025-12-03 01:14:29.202 [/] DEBUG [http-nio-9100-exec-10] c.p.j.config.JwtAuthenticationFilter - Processing request: POST /api/v1/auth/register
2025-12-03 01:14:29.202 [/] DEBUG [http-nio-9100-exec-10] c.p.j.config.JwtAuthenticationFilter - Skipping JWT filter completely for public path: /api/v1/auth/register
2025-12-03 01:14:29.202 [/] DEBUG [http-nio-9100-exec-10] o.s.s.w.a.AnonymousAuthenticationFilter - Set SecurityContextHolder to anonymous SecurityContext
2025-12-03 01:14:29.205 [/] DEBUG [http-nio-9100-exec-10] o.s.security.web.FilterChainProxy - Secured POST /api/v1/auth/register
2025-12-03 01:14:29.206 [/] DEBUG [http-nio-9100-exec-10] o.s.web.servlet.DispatcherServlet - POST "/api/v1/auth/register", parameters={}
2025-12-03 01:14:29.210 [/] DEBUG [http-nio-9100-exec-10] o.s.w.s.m.m.a.RequestMappingHandlerMapping - Mapped to com.programandoenjava.jwt.auth.controller.AuthController#register(RegisterRequest)
2025-12-03 01:14:29.329 [/] DEBUG [http-nio-9100-exec-10] o.s.w.s.m.m.a.RequestResponseBodyMethodProcessor - Read "application/json;charset=UTF-8" to [RegisterRequest[name=Admin User, email=admin@example.com, password=admin123, role=ADMIN]]
2025-12-03 01:14:29.336 [/] DEBUG [http-nio-9100-exec-10] c.p.jwt.auth.service.AuthService - Attempting to register user with email: admin@example.com
2025-12-03 01:14:29.482 [/] DEBUG [http-nio-9100-exec-10] org.hibernate.SQL - select u1_0.id,u1_0.email,u1_0.name,u1_0.password,u1_0.role from _user u1_0 where u1_0.email=?
2025-12-03 01:14:29.614 [/] DEBUG [http-nio-9100-exec-10] c.p.jwt.auth.service.AuthService - Saving new user: admin@example.com
2025-12-03 01:14:29.663 [/] DEBUG [http-nio-9100-exec-10] org.hibernate.SQL - insert into _user (email,name,password,role,id) values (?,?,?,?,default)
2025-12-03 01:14:29.865 [/] DEBUG [http-nio-9100-exec-10] org.hibernate.SQL - select next value for token_seq
2025-12-03 01:14:29.875 [/] DEBUG [http-nio-9100-exec-10] org.hibernate.SQL - insert into token (expired,revoked,token,token_category,token_type,user_id,id) values (?,?,?,?,?,?,?)
2025-12-03 01:14:29.882 [/] WARN  [http-nio-9100-exec-10] o.h.e.jdbc.spi.SqlExceptionHelper - SQL Error: 22001, SQLState: 22001
2025-12-03 01:14:29.882 [/] ERROR [http-nio-9100-exec-10] o.h.e.jdbc.spi.SqlExceptionHelper - Valor demasiado largo para la columna "TOKEN CHARACTER VARYING(255)": "'eyJ0eXAiOiJKV1QiLCJhbGciOiJIUzI1NiJ9.eyJuYW1lIjoiQWRtaW4gVXNlciIsInJvbGUiOiJBRE... (268)"
Value too long for column "TOKEN CHARACTER VARYING(255)": "'eyJ0eXAiOiJKV1QiLCJhbGciOiJIUzI1NiJ9.eyJuYW1lIjoiQWRtaW4gVXNlciIsInJvbGUiOiJBRE... (268)"; SQL statement:
insert into token (expired,revoked,token,token_category,token_type,user_id,id) values (?,?,?,?,?,?,?) [22001-224]
2025-12-03 01:14:29.892 [/] ERROR [http-nio-9100-exec-10] c.p.jwt.auth.service.AuthService - Database constraint violation during registration: could not execute statement [Valor demasiado largo para la columna "TOKEN CHARACTER VARYING(255)": "'eyJ0eXAiOiJKV1QiLCJhbGciOiJIUzI1NiJ9.eyJuYW1lIjoiQWRtaW4gVXNlciIsInJvbGUiOiJBRE... (268)"
Value too long for column "TOKEN CHARACTER VARYING(255)": "'eyJ0eXAiOiJKV1QiLCJhbGciOiJIUzI1NiJ9.eyJuYW1lIjoiQWRtaW4gVXNlciIsInJvbGUiOiJBRE... (268)"; SQL statement:
insert into token (expired,revoked,token,token_category,token_type,user_id,id) values (?,?,?,?,?,?,?) [22001-224]] [insert into token (expired,revoked,token,token_category,token_type,user_id,id) values (?,?,?,?,?,?,?)]; SQL [insert into token (expired,revoked,token,token_category,token_type,user_id,id) values (?,?,?,?,?,?,?)]
2025-12-03 01:14:29.895 [/] DEBUG [http-nio-9100-exec-10] o.s.w.s.m.m.a.ExceptionHandlerExceptionResolver - Using @ExceptionHandler com.programandoenjava.jwt.config.GlobalExceptionHandler#handleIllegalArgumentException(IllegalArgumentException)
2025-12-03 01:14:29.895 [/] WARN  [http-nio-9100-exec-10] c.p.j.config.GlobalExceptionHandler - Illegal argument exception: Email already registered: admin@example.com
2025-12-03 01:14:29.904 [/] DEBUG [http-nio-9100-exec-10] o.s.w.s.m.m.a.HttpEntityMethodProcessor - Using 'application/json', given [*/*] and supported [application/json, application/*+json]
2025-12-03 01:14:29.906 [/] DEBUG [http-nio-9100-exec-10] o.s.w.s.m.m.a.HttpEntityMethodProcessor - Writing [{error=Bad Request, message=Email already registered: admin@example.com, timestamp=2025-12-03T01:14: (truncated)...]
2025-12-03 01:14:29.916 [/] DEBUG [http-nio-9100-exec-10] o.s.w.s.m.m.a.ExceptionHandlerExceptionResolver - Resolved [java.lang.IllegalArgumentException: Email already registered: admin@example.com]
2025-12-03 01:14:29.920 [/] DEBUG [http-nio-9100-exec-10] o.s.web.servlet.DispatcherServlet - Completed 400 BAD_REQUEST
2025-12-03 01:14:37.953 [/] DEBUG [http-nio-9100-exec-7] o.s.security.web.FilterChainProxy - Securing POST /h2-console/query.do?jsessionid=450cbb6b271b8235f9b92a3add7c22e0
2025-12-03 01:14:37.953 [/] DEBUG [http-nio-9100-exec-7] c.p.j.config.JwtAuthenticationFilter - Processing request: POST /h2-console/query.do
2025-12-03 01:14:37.953 [/] DEBUG [http-nio-9100-exec-7] c.p.j.config.JwtAuthenticationFilter - Skipping JWT filter completely for public path: /h2-console
2025-12-03 01:14:37.953 [/] DEBUG [http-nio-9100-exec-7] o.s.s.w.a.AnonymousAuthenticationFilter - Set SecurityContextHolder to anonymous SecurityContext
2025-12-03 01:14:37.953 [/] DEBUG [http-nio-9100-exec-7] o.s.security.web.FilterChainProxy - Secured POST /h2-console/query.do?jsessionid=450cbb6b271b8235f9b92a3add7c22e0
2025-12-03 01:14:37.968 [/] DEBUG [http-nio-9100-exec-8] o.s.security.web.FilterChainProxy - Securing GET /h2-console/stylesheet.css
2025-12-03 01:14:37.968 [/] DEBUG [http-nio-9100-exec-6] o.s.security.web.FilterChainProxy - Securing GET /h2-console/table.js
2025-12-03 01:14:37.968 [/] DEBUG [http-nio-9100-exec-6] c.p.j.config.JwtAuthenticationFilter - Processing request: GET /h2-console/table.js
2025-12-03 01:14:37.968 [/] DEBUG [http-nio-9100-exec-8] c.p.j.config.JwtAuthenticationFilter - Processing request: GET /h2-console/stylesheet.css
2025-12-03 01:14:37.969 [/] DEBUG [http-nio-9100-exec-6] c.p.j.config.JwtAuthenticationFilter - Skipping JWT filter completely for public path: /h2-console
2025-12-03 01:14:37.969 [/] DEBUG [http-nio-9100-exec-8] c.p.j.config.JwtAuthenticationFilter - Skipping JWT filter completely for public path: /h2-console
2025-12-03 01:14:37.969 [/] DEBUG [http-nio-9100-exec-6] o.s.s.w.a.AnonymousAuthenticationFilter - Set SecurityContextHolder to anonymous SecurityContext
2025-12-03 01:14:37.969 [/] DEBUG [http-nio-9100-exec-8] o.s.s.w.a.AnonymousAuthenticationFilter - Set SecurityContextHolder to anonymous SecurityContext
2025-12-03 01:14:37.969 [/] DEBUG [http-nio-9100-exec-6] o.s.security.web.FilterChainProxy - Secured GET /h2-console/table.js
2025-12-03 01:14:37.969 [/] DEBUG [http-nio-9100-exec-8] o.s.security.web.FilterChainProxy - Secured GET /h2-console/stylesheet.css
2025-12-03 01:15:32.136 [/] DEBUG [http-nio-9100-exec-3] o.s.security.web.FilterChainProxy - Securing POST /h2-console/query.do?jsessionid=450cbb6b271b8235f9b92a3add7c22e0
2025-12-03 01:15:32.138 [/] DEBUG [http-nio-9100-exec-3] c.p.j.config.JwtAuthenticationFilter - Processing request: POST /h2-console/query.do
2025-12-03 01:15:32.138 [/] DEBUG [http-nio-9100-exec-3] c.p.j.config.JwtAuthenticationFilter - Skipping JWT filter completely for public path: /h2-console
2025-12-03 01:15:32.138 [/] DEBUG [http-nio-9100-exec-3] o.s.s.w.a.AnonymousAuthenticationFilter - Set SecurityContextHolder to anonymous SecurityContext
2025-12-03 01:15:32.138 [/] DEBUG [http-nio-9100-exec-3] o.s.security.web.FilterChainProxy - Secured POST /h2-console/query.do?jsessionid=450cbb6b271b8235f9b92a3add7c22e0
2025-12-03 01:15:32.160 [/] DEBUG [http-nio-9100-exec-10] o.s.security.web.FilterChainProxy - Securing GET /h2-console/table.js
2025-12-03 01:15:32.160 [/] DEBUG [http-nio-9100-exec-4] o.s.security.web.FilterChainProxy - Securing GET /h2-console/stylesheet.css
2025-12-03 01:15:32.160 [/] DEBUG [http-nio-9100-exec-10] c.p.j.config.JwtAuthenticationFilter - Processing request: GET /h2-console/table.js
2025-12-03 01:15:32.160 [/] DEBUG [http-nio-9100-exec-4] c.p.j.config.JwtAuthenticationFilter - Processing request: GET /h2-console/stylesheet.css
2025-12-03 01:15:32.160 [/] DEBUG [http-nio-9100-exec-10] c.p.j.config.JwtAuthenticationFilter - Skipping JWT filter completely for public path: /h2-console
2025-12-03 01:15:32.160 [/] DEBUG [http-nio-9100-exec-4] c.p.j.config.JwtAuthenticationFilter - Skipping JWT filter completely for public path: /h2-console
2025-12-03 01:15:32.160 [/] DEBUG [http-nio-9100-exec-10] o.s.s.w.a.AnonymousAuthenticationFilter - Set SecurityContextHolder to anonymous SecurityContext
2025-12-03 01:15:32.160 [/] DEBUG [http-nio-9100-exec-4] o.s.s.w.a.AnonymousAuthenticationFilter - Set SecurityContextHolder to anonymous SecurityContext
2025-12-03 01:15:32.160 [/] DEBUG [http-nio-9100-exec-10] o.s.security.web.FilterChainProxy - Secured GET /h2-console/table.js
2025-12-03 01:15:32.160 [/] DEBUG [http-nio-9100-exec-4] o.s.security.web.FilterChainProxy - Secured GET /h2-console/stylesheet.css
2025-12-03 01:17:23.888 [/] INFO  [SpringApplicationShutdownHook] o.s.o.j.LocalContainerEntityManagerFactoryBean - Closing JPA EntityManagerFactory for persistence unit 'default'
2025-12-03 01:17:23.888 [/] DEBUG [SpringApplicationShutdownHook] org.hibernate.SQL - drop table if exists _user cascade 
2025-12-03 01:17:23.893 [/] DEBUG [SpringApplicationShutdownHook] org.hibernate.SQL - drop table if exists token cascade 
2025-12-03 01:17:23.895 [/] DEBUG [SpringApplicationShutdownHook] org.hibernate.SQL - drop sequence if exists token_seq
2025-12-03 01:17:23.895 [/] INFO  [SpringApplicationShutdownHook] com.zaxxer.hikari.HikariDataSource - HikariPool-1 - Shutdown initiated...
2025-12-03 01:17:23.899 [/] INFO  [SpringApplicationShutdownHook] com.zaxxer.hikari.HikariDataSource - HikariPool-1 - Shutdown completed.
2025-12-03 01:17:32.722 [/] INFO  [main] c.p.jwt.JwtApplication - Starting JwtApplication using Java 17.0.13 with PID 29332 (C:\Users\femer\Downloads\DESARROLLO_BOOTCAMP\PROJECT_SPRING_SECURITY\target\classes started by femer in C:\Users\femer\Downloads\DESARROLLO_BOOTCAMP\PROJECT_SPRING_SECURITY)
2025-12-03 01:17:32.725 [/] DEBUG [main] c.p.jwt.JwtApplication - Running with Spring Boot v3.3.4, Spring v6.1.13
2025-12-03 01:17:32.727 [/] INFO  [main] c.p.jwt.JwtApplication - No active profile set, falling back to 1 default profile: "default"
2025-12-03 01:17:34.772 [/] INFO  [main] o.s.d.r.c.RepositoryConfigurationDelegate - Bootstrapping Spring Data JPA repositories in DEFAULT mode.
2025-12-03 01:17:34.872 [/] INFO  [main] o.s.d.r.c.RepositoryConfigurationDelegate - Finished Spring Data repository scanning in 87 ms. Found 2 JPA repository interfaces.
2025-12-03 01:17:36.140 [/] INFO  [main] o.s.b.w.e.tomcat.TomcatWebServer - Tomcat initialized with port 9100 (http)
2025-12-03 01:17:36.165 [/] INFO  [main] o.a.catalina.core.StandardService - Starting service [Tomcat]
2025-12-03 01:17:36.165 [/] INFO  [main] o.a.catalina.core.StandardEngine - Starting Servlet engine: [Apache Tomcat/10.1.30]
2025-12-03 01:17:36.337 [/] INFO  [main] o.a.c.c.C.[Tomcat].[localhost].[/] - Initializing Spring embedded WebApplicationContext
2025-12-03 01:17:36.338 [/] INFO  [main] o.s.b.w.s.c.ServletWebServerApplicationContext - Root WebApplicationContext: initialization completed in 3502 ms
2025-12-03 01:17:36.401 [/] INFO  [main] com.zaxxer.hikari.HikariDataSource - HikariPool-1 - Starting...
2025-12-03 01:17:36.725 [/] INFO  [main] com.zaxxer.hikari.pool.HikariPool - HikariPool-1 - Added connection conn0: url=jdbc:h2:mem:testdb user=SA
2025-12-03 01:17:36.730 [/] INFO  [main] com.zaxxer.hikari.HikariDataSource - HikariPool-1 - Start completed.
2025-12-03 01:17:36.751 [/] INFO  [main] o.s.b.a.h.H2ConsoleAutoConfiguration - H2 console available at '/h2-console'. Database available at 'jdbc:h2:mem:testdb'
2025-12-03 01:17:36.988 [/] INFO  [main] o.h.jpa.internal.util.LogHelper - HHH000204: Processing PersistenceUnitInfo [name: default]
2025-12-03 01:17:37.164 [/] INFO  [main] org.hibernate.Version - HHH000412: Hibernate ORM core version 6.5.3.Final
2025-12-03 01:17:37.213 [/] INFO  [main] o.h.c.i.RegionFactoryInitiator - HHH000026: Second-level cache disabled
2025-12-03 01:17:37.772 [/] INFO  [main] o.s.o.j.p.SpringPersistenceUnitInfo - No LoadTimeWeaver setup: ignoring JPA class transformer
2025-12-03 01:17:37.864 [/] WARN  [main] org.hibernate.orm.deprecation - HHH90000025: H2Dialect does not need to be specified explicitly using 'hibernate.dialect' (remove the property setting and it will be selected by default)
2025-12-03 01:17:39.806 [/] INFO  [main] o.h.e.t.j.p.i.JtaPlatformInitiator - HHH000489: No JTA platform available (set 'hibernate.transaction.jta.platform' to enable JTA platform integration)
2025-12-03 01:17:39.825 [/] DEBUG [main] org.hibernate.SQL - drop table if exists _user cascade 
2025-12-03 01:17:39.829 [/] DEBUG [main] org.hibernate.SQL - drop table if exists token cascade 
2025-12-03 01:17:39.829 [/] DEBUG [main] org.hibernate.SQL - drop sequence if exists token_seq
2025-12-03 01:17:39.832 [/] DEBUG [main] org.hibernate.SQL - create sequence token_seq start with 1 increment by 50
2025-12-03 01:17:39.838 [/] DEBUG [main] org.hibernate.SQL - create table _user (id integer generated by default as identity, email varchar(255) unique, name varchar(255), password varchar(255), role enum ('ADMIN','EDITOR'), primary key (id))
2025-12-03 01:17:39.845 [/] DEBUG [main] org.hibernate.SQL - create table token (expired boolean not null, id integer not null, revoked boolean not null, user_id integer, token clob unique, token_category enum ('ACCESS','REFRESH'), token_type enum ('BEARER'), primary key (id))
2025-12-03 01:17:39.849 [/] WARN  [main] o.h.t.s.i.ExceptionHandlerLoggedImpl - GenerationTarget encountered exception accepting command : Error executing DDL "create table token (expired boolean not null, id integer not null, revoked boolean not null, user_id integer, token clob unique, token_category enum ('ACCESS','REFRESH'), token_type enum ('BEARER'), primary key (id))" via JDBC [Caracteristica no soportada: "Index on column: ""TOKEN"" CHARACTER LARGE OBJECT"
Feature not supported: "Index on column: ""TOKEN"" CHARACTER LARGE OBJECT";]
org.hibernate.tool.schema.spi.CommandAcceptanceException: Error executing DDL "create table token (expired boolean not null, id integer not null, revoked boolean not null, user_id integer, token clob unique, token_category enum ('ACCESS','REFRESH'), token_type enum ('BEARER'), primary key (id))" via JDBC [Caracteristica no soportada: "Index on column: ""TOKEN"" CHARACTER LARGE OBJECT"
Feature not supported: "Index on column: ""TOKEN"" CHARACTER LARGE OBJECT";]
	at org.hibernate.tool.schema.internal.exec.GenerationTargetToDatabase.accept(GenerationTargetToDatabase.java:94)
	at org.hibernate.tool.schema.internal.Helper.applySqlString(Helper.java:233)
	at org.hibernate.tool.schema.internal.Helper.applySqlStrings(Helper.java:217)
	at org.hibernate.tool.schema.internal.SchemaCreatorImpl.createTables(SchemaCreatorImpl.java:428)
	at org.hibernate.tool.schema.internal.SchemaCreatorImpl.createSequencesTablesConstraints(SchemaCreatorImpl.java:344)
	at org.hibernate.tool.schema.internal.SchemaCreatorImpl.createFromMetadata(SchemaCreatorImpl.java:239)
	at org.hibernate.tool.schema.internal.SchemaCreatorImpl.performCreation(SchemaCreatorImpl.java:172)
	at org.hibernate.tool.schema.internal.SchemaCreatorImpl.doCreation(SchemaCreatorImpl.java:142)
	at org.hibernate.tool.schema.internal.SchemaCreatorImpl.doCreation(SchemaCreatorImpl.java:118)
	at org.hibernate.tool.schema.spi.SchemaManagementToolCoordinator.performDatabaseAction(SchemaManagementToolCoordinator.java:250)
	at org.hibernate.tool.schema.spi.SchemaManagementToolCoordinator.lambda$process$5(SchemaManagementToolCoordinator.java:144)
	at java.base/java.util.HashMap.forEach(HashMap.java:1421)
	at org.hibernate.tool.schema.spi.SchemaManagementToolCoordinator.process(SchemaManagementToolCoordinator.java:141)
	at org.hibernate.boot.internal.SessionFactoryObserverForSchemaExport.sessionFactoryCreated(SessionFactoryObserverForSchemaExport.java:37)
	at org.hibernate.internal.SessionFactoryObserverChain.sessionFactoryCreated(SessionFactoryObserverChain.java:35)
	at org.hibernate.internal.SessionFactoryImpl.<init>(SessionFactoryImpl.java:322)
	at org.hibernate.boot.internal.SessionFactoryBuilderImpl.build(SessionFactoryBuilderImpl.java:457)
	at org.hibernate.jpa.boot.internal.EntityManagerFactoryBuilderImpl.build(EntityManagerFactoryBuilderImpl.java:1506)
	at org.springframework.orm.jpa.vendor.SpringHibernateJpaPersistenceProvider.createContainerEntityManagerFactory(SpringHibernateJpaPersistenceProvider.java:75)
	at org.springframework.orm.jpa.LocalContainerEntityManagerFactoryBean.createNativeEntityManagerFactory(LocalContainerEntityManagerFactoryBean.java:390)
	at org.springframework.orm.jpa.AbstractEntityManagerFactoryBean.buildNativeEntityManagerFactory(AbstractEntityManagerFactoryBean.java:409)
	at org.springframework.orm.jpa.AbstractEntityManagerFactoryBean.afterPropertiesSet(AbstractEntityManagerFactoryBean.java:396)
	at org.springframework.orm.jpa.LocalContainerEntityManagerFactoryBean.afterPropertiesSet(LocalContainerEntityManagerFactoryBean.java:366)
	at org.springframework.beans.factory.support.AbstractAutowireCapableBeanFactory.invokeInitMethods(AbstractAutowireCapableBeanFactory.java:1853)
	at org.springframework.beans.factory.support.AbstractAutowireCapableBeanFactory.initializeBean(AbstractAutowireCapableBeanFactory.java:1802)
	at org.springframework.beans.factory.support.AbstractAutowireCapableBeanFactory.doCreateBean(AbstractAutowireCapableBeanFactory.java:600)
	at org.springframework.beans.factory.support.AbstractAutowireCapableBeanFactory.createBean(AbstractAutowireCapableBeanFactory.java:522)
	at org.springframework.beans.factory.support.AbstractBeanFactory.lambda$doGetBean$0(AbstractBeanFactory.java:337)
	at org.springframework.beans.factory.support.DefaultSingletonBeanRegistry.getSingleton(DefaultSingletonBeanRegistry.java:234)
	at org.springframework.beans.factory.support.AbstractBeanFactory.doGetBean(AbstractBeanFactory.java:335)
	at org.springframework.beans.factory.support.AbstractBeanFactory.getBean(AbstractBeanFactory.java:200)
	at org.springframework.beans.factory.support.BeanDefinitionValueResolver.resolveReference(BeanDefinitionValueResolver.java:365)
	at org.springframework.beans.factory.support.BeanDefinitionValueResolver.resolveValueIfNecessary(BeanDefinitionValueResolver.java:135)
	at org.springframework.beans.factory.support.ConstructorResolver.resolveConstructorArguments(ConstructorResolver.java:682)
	at org.springframework.beans.factory.support.ConstructorResolver.instantiateUsingFactoryMethod(ConstructorResolver.java:509)
	at org.springframework.beans.factory.support.AbstractAutowireCapableBeanFactory.instantiateUsingFactoryMethod(AbstractAutowireCapableBeanFactory.java:1355)
	at org.springframework.beans.factory.support.AbstractAutowireCapableBeanFactory.createBeanInstance(AbstractAutowireCapableBeanFactory.java:1185)
	at org.springframework.beans.factory.support.AbstractAutowireCapableBeanFactory.doCreateBean(AbstractAutowireCapableBeanFactory.java:562)
	at org.springframework.beans.factory.support.AbstractAutowireCapableBeanFactory.createBean(AbstractAutowireCapableBeanFactory.java:522)
	at org.springframework.beans.factory.support.AbstractBeanFactory.lambda$doGetBean$0(AbstractBeanFactory.java:337)
	at org.springframework.beans.factory.support.DefaultSingletonBeanRegistry.getSingleton(DefaultSingletonBeanRegistry.java:234)
	at org.springframework.beans.factory.support.AbstractBeanFactory.doGetBean(AbstractBeanFactory.java:335)
	at org.springframework.beans.factory.support.AbstractBeanFactory.getBean(AbstractBeanFactory.java:200)
	at org.springframework.beans.factory.support.BeanDefinitionValueResolver.resolveReference(BeanDefinitionValueResolver.java:365)
	at org.springframework.beans.factory.support.BeanDefinitionValueResolver.resolveValueIfNecessary(BeanDefinitionValueResolver.java:135)
	at org.springframework.beans.factory.support.AbstractAutowireCapableBeanFactory.applyPropertyValues(AbstractAutowireCapableBeanFactory.java:1705)
	at org.springframework.beans.factory.support.AbstractAutowireCapableBeanFactory.populateBean(AbstractAutowireCapableBeanFactory.java:1454)
	at org.springframework.beans.factory.support.AbstractAutowireCapableBeanFactory.doCreateBean(AbstractAutowireCapableBeanFactory.java:599)
	at org.springframework.beans.factory.support.AbstractAutowireCapableBeanFactory.createBean(AbstractAutowireCapableBeanFactory.java:522)
	at org.springframework.beans.factory.support.AbstractBeanFactory.lambda$doGetBean$0(AbstractBeanFactory.java:337)
	at org.springframework.beans.factory.support.DefaultSingletonBeanRegistry.getSingleton(DefaultSingletonBeanRegistry.java:234)
	at org.springframework.beans.factory.support.AbstractBeanFactory.doGetBean(AbstractBeanFactory.java:335)
	at org.springframework.beans.factory.support.AbstractBeanFactory.getBean(AbstractBeanFactory.java:200)
	at org.springframework.beans.factory.config.DependencyDescriptor.resolveCandidate(DependencyDescriptor.java:254)
	at org.springframework.beans.factory.support.DefaultListableBeanFactory.doResolveDependency(DefaultListableBeanFactory.java:1443)
	at org.springframework.beans.factory.support.DefaultListableBeanFactory.resolveDependency(DefaultListableBeanFactory.java:1353)
	at org.springframework.beans.factory.support.ConstructorResolver.resolveAutowiredArgument(ConstructorResolver.java:904)
	at org.springframework.beans.factory.support.ConstructorResolver.createArgumentArray(ConstructorResolver.java:782)
	at org.springframework.beans.factory.support.ConstructorResolver.autowireConstructor(ConstructorResolver.java:237)
	at org.springframework.beans.factory.support.AbstractAutowireCapableBeanFactory.autowireConstructor(AbstractAutowireCapableBeanFactory.java:1375)
	at org.springframework.beans.factory.support.AbstractAutowireCapableBeanFactory.createBeanInstance(AbstractAutowireCapableBeanFactory.java:1212)
	at org.springframework.beans.factory.support.AbstractAutowireCapableBeanFactory.doCreateBean(AbstractAutowireCapableBeanFactory.java:562)
	at org.springframework.beans.factory.support.AbstractAutowireCapableBeanFactory.createBean(AbstractAutowireCapableBeanFactory.java:522)
	at org.springframework.beans.factory.support.AbstractBeanFactory.lambda$doGetBean$0(AbstractBeanFactory.java:337)
	at org.springframework.beans.factory.support.DefaultSingletonBeanRegistry.getSingleton(DefaultSingletonBeanRegistry.java:234)
	at org.springframework.beans.factory.support.AbstractBeanFactory.doGetBean(AbstractBeanFactory.java:335)
	at org.springframework.beans.factory.support.AbstractBeanFactory.getBean(AbstractBeanFactory.java:200)
	at org.springframework.beans.factory.support.ConstructorResolver.instantiateUsingFactoryMethod(ConstructorResolver.java:409)
	at org.springframework.beans.factory.support.AbstractAutowireCapableBeanFactory.instantiateUsingFactoryMethod(AbstractAutowireCapableBeanFactory.java:1355)
	at org.springframework.beans.factory.support.AbstractAutowireCapableBeanFactory.createBeanInstance(AbstractAutowireCapableBeanFactory.java:1185)
	at org.springframework.beans.factory.support.AbstractAutowireCapableBeanFactory.doCreateBean(AbstractAutowireCapableBeanFactory.java:562)
	at org.springframework.beans.factory.support.AbstractAutowireCapableBeanFactory.createBean(AbstractAutowireCapableBeanFactory.java:522)
	at org.springframework.beans.factory.support.AbstractBeanFactory.lambda$doGetBean$0(AbstractBeanFactory.java:337)
	at org.springframework.beans.factory.support.DefaultSingletonBeanRegistry.getSingleton(DefaultSingletonBeanRegistry.java:234)
	at org.springframework.beans.factory.support.AbstractBeanFactory.doGetBean(AbstractBeanFactory.java:335)
	at org.springframework.beans.factory.support.AbstractBeanFactory.getBean(AbstractBeanFactory.java:200)
	at org.springframework.beans.factory.config.DependencyDescriptor.resolveCandidate(DependencyDescriptor.java:254)
	at org.springframework.beans.factory.support.DefaultListableBeanFactory.doResolveDependency(DefaultListableBeanFactory.java:1443)
	at org.springframework.beans.factory.support.DefaultListableBeanFactory.resolveDependency(DefaultListableBeanFactory.java:1353)
	at org.springframework.beans.factory.support.ConstructorResolver.resolveAutowiredArgument(ConstructorResolver.java:904)
	at org.springframework.beans.factory.support.ConstructorResolver.createArgumentArray(ConstructorResolver.java:782)
	at org.springframework.beans.factory.support.ConstructorResolver.autowireConstructor(ConstructorResolver.java:237)
	at org.springframework.beans.factory.support.AbstractAutowireCapableBeanFactory.autowireConstructor(AbstractAutowireCapableBeanFactory.java:1375)
	at org.springframework.beans.factory.support.AbstractAutowireCapableBeanFactory.createBeanInstance(AbstractAutowireCapableBeanFactory.java:1212)
	at org.springframework.beans.factory.support.AbstractAutowireCapableBeanFactory.doCreateBean(AbstractAutowireCapableBeanFactory.java:562)
	at org.springframework.beans.factory.support.AbstractAutowireCapableBeanFactory.createBean(AbstractAutowireCapableBeanFactory.java:522)
	at org.springframework.beans.factory.support.AbstractBeanFactory.lambda$doGetBean$0(AbstractBeanFactory.java:337)
	at org.springframework.beans.factory.support.DefaultSingletonBeanRegistry.getSingleton(DefaultSingletonBeanRegistry.java:234)
	at org.springframework.beans.factory.support.AbstractBeanFactory.doGetBean(AbstractBeanFactory.java:335)
	at org.springframework.beans.factory.support.AbstractBeanFactory.getBean(AbstractBeanFactory.java:205)
	at org.springframework.boot.web.servlet.ServletContextInitializerBeans.getOrderedBeansOfType(ServletContextInitializerBeans.java:211)
	at org.springframework.boot.web.servlet.ServletContextInitializerBeans.addAsRegistrationBean(ServletContextInitializerBeans.java:174)
	at org.springframework.boot.web.servlet.ServletContextInitializerBeans.addAsRegistrationBean(ServletContextInitializerBeans.java:169)
	at org.springframework.boot.web.servlet.ServletContextInitializerBeans.addAdaptableBeans(ServletContextInitializerBeans.java:154)
	at org.springframework.boot.web.servlet.ServletContextInitializerBeans.<init>(ServletContextInitializerBeans.java:87)
	at org.springframework.boot.web.servlet.context.ServletWebServerApplicationContext.getServletContextInitializerBeans(ServletWebServerApplicationContext.java:266)
	at org.springframework.boot.web.servlet.context.ServletWebServerApplicationContext.selfInitialize(ServletWebServerApplicationContext.java:240)
	at org.springframework.boot.web.embedded.tomcat.TomcatStarter.onStartup(TomcatStarter.java:52)
	at org.apache.catalina.core.StandardContext.startInternal(StandardContext.java:4412)
	at org.apache.catalina.util.LifecycleBase.start(LifecycleBase.java:164)
	at org.apache.catalina.core.ContainerBase$StartChild.call(ContainerBase.java:1203)
	at org.apache.catalina.core.ContainerBase$StartChild.call(ContainerBase.java:1193)
	at java.base/java.util.concurrent.FutureTask.run(FutureTask.java:264)
	at org.apache.tomcat.util.threads.InlineExecutorService.execute(InlineExecutorService.java:75)
	at java.base/java.util.concurrent.AbstractExecutorService.submit(AbstractExecutorService.java:145)
	at org.apache.catalina.core.ContainerBase.startInternal(ContainerBase.java:749)
	at org.apache.catalina.core.StandardHost.startInternal(StandardHost.java:772)
	at org.apache.catalina.util.LifecycleBase.start(LifecycleBase.java:164)
	at org.apache.catalina.core.ContainerBase$StartChild.call(ContainerBase.java:1203)
	at org.apache.catalina.core.ContainerBase$StartChild.call(ContainerBase.java:1193)
	at java.base/java.util.concurrent.FutureTask.run(FutureTask.java:264)
	at org.apache.tomcat.util.threads.InlineExecutorService.execute(InlineExecutorService.java:75)
	at java.base/java.util.concurrent.AbstractExecutorService.submit(AbstractExecutorService.java:145)
	at org.apache.catalina.core.ContainerBase.startInternal(ContainerBase.java:749)
	at org.apache.catalina.core.StandardEngine.startInternal(StandardEngine.java:203)
	at org.apache.catalina.util.LifecycleBase.start(LifecycleBase.java:164)
	at org.apache.catalina.core.StandardService.startInternal(StandardService.java:415)
	at org.apache.catalina.util.LifecycleBase.start(LifecycleBase.java:164)
	at org.apache.catalina.core.StandardServer.startInternal(StandardServer.java:870)
	at org.apache.catalina.util.LifecycleBase.start(LifecycleBase.java:164)
	at org.apache.catalina.startup.Tomcat.start(Tomcat.java:437)
	at org.springframework.boot.web.embedded.tomcat.TomcatWebServer.initialize(TomcatWebServer.java:128)
	at org.springframework.boot.web.embedded.tomcat.TomcatWebServer.<init>(TomcatWebServer.java:107)
	at org.springframework.boot.web.embedded.tomcat.TomcatServletWebServerFactory.getTomcatWebServer(TomcatServletWebServerFactory.java:516)
	at org.springframework.boot.web.embedded.tomcat.TomcatServletWebServerFactory.getWebServer(TomcatServletWebServerFactory.java:222)
	at org.springframework.boot.web.servlet.context.ServletWebServerApplicationContext.createWebServer(ServletWebServerApplicationContext.java:188)
	at org.springframework.boot.web.servlet.context.ServletWebServerApplicationContext.onRefresh(ServletWebServerApplicationContext.java:162)
	at org.springframework.context.support.AbstractApplicationContext.refresh(AbstractApplicationContext.java:619)
	at org.springframework.boot.web.servlet.context.ServletWebServerApplicationContext.refresh(ServletWebServerApplicationContext.java:146)
	at org.springframework.boot.SpringApplication.refresh(SpringApplication.java:754)
	at org.springframework.boot.SpringApplication.refreshContext(SpringApplication.java:456)
	at org.springframework.boot.SpringApplication.run(SpringApplication.java:335)
	at org.springframework.boot.SpringApplication.run(SpringApplication.java:1363)
	at org.springframework.boot.SpringApplication.run(SpringApplication.java:1352)
	at com.programandoenjava.jwt.JwtApplication.main(JwtApplication.java:10)
Caused by: org.h2.jdbc.JdbcSQLFeatureNotSupportedException: Caracteristica no soportada: "Index on column: ""TOKEN"" CHARACTER LARGE OBJECT"
Feature not supported: "Index on column: ""TOKEN"" CHARACTER LARGE OBJECT"; SQL statement:
create table token (expired boolean not null, id integer not null, revoked boolean not null, user_id integer, token clob unique, token_category enum ('ACCESS','REFRESH'), token_type enum ('BEARER'), primary key (id)) [50100-224]
	at org.h2.message.DbException.getJdbcSQLException(DbException.java:568)
	at org.h2.message.DbException.getJdbcSQLException(DbException.java:489)
	at org.h2.message.DbException.get(DbException.java:223)
	at org.h2.message.DbException.get(DbException.java:199)
	at org.h2.message.DbException.getUnsupportedException(DbException.java:287)
	at org.h2.index.Index.checkIndexColumnTypes(Index.java:47)
	at org.h2.mvstore.db.MVSecondaryIndex.<init>(MVSecondaryIndex.java:54)
	at org.h2.mvstore.db.MVTable.addIndex(MVTable.java:363)
	at org.h2.command.ddl.AlterTableAddConstraint.createIndex(AlterTableAddConstraint.java:368)
	at org.h2.command.ddl.AlterTableAddConstraint.createUniqueConstraint(AlterTableAddConstraint.java:315)
	at org.h2.command.ddl.AlterTableAddConstraint.tryUpdate(AlterTableAddConstraint.java:184)
	at org.h2.command.ddl.AlterTableAddConstraint.update(AlterTableAddConstraint.java:74)
	at org.h2.command.ddl.AlterTable.update(AlterTable.java:46)
	at org.h2.command.ddl.CommandWithColumns.createConstraints(CommandWithColumns.java:83)
	at org.h2.command.ddl.CreateTable.update(CreateTable.java:134)
	at org.h2.command.CommandContainer.update(CommandContainer.java:169)
	at org.h2.command.Command.executeUpdate(Command.java:256)
	at org.h2.jdbc.JdbcStatement.executeInternal(JdbcStatement.java:262)
	at org.h2.jdbc.JdbcStatement.execute(JdbcStatement.java:231)
	at com.zaxxer.hikari.pool.ProxyStatement.execute(ProxyStatement.java:94)
	at com.zaxxer.hikari.pool.HikariProxyStatement.execute(HikariProxyStatement.java)
	at org.hibernate.tool.schema.internal.exec.GenerationTargetToDatabase.accept(GenerationTargetToDatabase.java:80)
	... 134 common frames omitted
2025-12-03 01:17:39.851 [/] DEBUG [main] org.hibernate.SQL - alter table if exists token add constraint FKiblu4cjwvyntq3ugo31klp1c6 foreign key (user_id) references _user
2025-12-03 01:17:39.856 [/] INFO  [main] o.s.o.j.LocalContainerEntityManagerFactoryBean - Initialized JPA EntityManagerFactory for persistence unit 'default'
2025-12-03 01:17:40.051 [/] DEBUG [main] o.h.s.internal.StatisticsInitiator - Statistics initialized [enabled=false]
2025-12-03 01:17:40.751 [/] INFO  [main] o.s.d.j.r.query.QueryEnhancerFactory - Hibernate is in classpath; If applicable, HQL parser will be used.
2025-12-03 01:17:41.688 [/] DEBUG [main] c.p.j.config.JwtAuthenticationFilter - Filter 'jwtAuthenticationFilter' configured for use
2025-12-03 01:17:41.795 [/] INFO  [main] o.s.s.c.a.a.c.InitializeAuthenticationProviderBeanManagerConfigurer$InitializeAuthenticationProviderManagerConfigurer - Global AuthenticationManager configured with AuthenticationProvider bean with name authenticationProvider
2025-12-03 01:17:41.795 [/] WARN  [main] o.s.s.c.a.a.c.InitializeUserDetailsBeanManagerConfigurer$InitializeUserDetailsManagerConfigurer - Global AuthenticationManager configured with an AuthenticationProvider bean. UserDetailsService beans will not be used for username/password login. Consider removing the AuthenticationProvider bean. Alternatively, consider using the UserDetailsService in a manually instantiated DaoAuthenticationProvider.
2025-12-03 01:17:42.072 [/] WARN  [main] o.s.b.a.o.j.JpaBaseConfiguration$JpaWebConfiguration - spring.jpa.open-in-view is enabled by default. Therefore, database queries may be performed during view rendering. Explicitly configure spring.jpa.open-in-view to disable this warning
2025-12-03 01:17:42.363 [/] DEBUG [main] o.s.w.s.m.m.a.RequestMappingHandlerMapping - 24 mappings in 'requestMappingHandlerMapping'
2025-12-03 01:17:42.539 [/] DEBUG [main] o.s.w.s.h.SimpleUrlHandlerMapping - Patterns [/webjars/**, /**, /swagger-ui*/*swagger-initializer.js, /swagger-ui*/**] in 'resourceHandlerMapping'
2025-12-03 01:17:42.610 [/] DEBUG [main] o.s.s.web.DefaultSecurityFilterChain - Will secure any request with filters: DisableEncodeUrlFilter, WebAsyncManagerIntegrationFilter, SecurityContextHolderFilter, HeaderWriterFilter, LogoutFilter, JwtAuthenticationFilter, RequestCacheAwareFilter, SecurityContextHolderAwareRequestFilter, AnonymousAuthenticationFilter, SessionManagementFilter, ExceptionTranslationFilter, AuthorizationFilter
2025-12-03 01:17:42.788 [/] DEBUG [main] o.s.w.s.m.m.a.RequestMappingHandlerAdapter - ControllerAdvice beans: 0 @ModelAttribute, 0 @InitBinder, 1 RequestBodyAdvice, 1 ResponseBodyAdvice
2025-12-03 01:17:42.839 [/] DEBUG [main] o.s.w.s.m.m.a.ExceptionHandlerExceptionResolver - ControllerAdvice beans: 2 @ExceptionHandler, 1 ResponseBodyAdvice
2025-12-03 01:17:43.114 [/] INFO  [main] o.s.b.w.e.tomcat.TomcatWebServer - Tomcat started on port 9100 (http) with context path '/'
2025-12-03 01:17:43.132 [/] INFO  [main] c.p.jwt.JwtApplication - Started JwtApplication in 11.406 seconds (process running for 11.998)
2025-12-03 01:18:35.864 [/] INFO  [SpringApplicationShutdownHook] o.s.o.j.LocalContainerEntityManagerFactoryBean - Closing JPA EntityManagerFactory for persistence unit 'default'
2025-12-03 01:18:35.867 [/] DEBUG [SpringApplicationShutdownHook] org.hibernate.SQL - drop table if exists _user cascade 
2025-12-03 01:18:35.869 [/] DEBUG [SpringApplicationShutdownHook] org.hibernate.SQL - drop table if exists token cascade 
2025-12-03 01:18:35.869 [/] DEBUG [SpringApplicationShutdownHook] org.hibernate.SQL - drop sequence if exists token_seq
2025-12-03 01:18:35.872 [/] INFO  [SpringApplicationShutdownHook] com.zaxxer.hikari.HikariDataSource - HikariPool-1 - Shutdown initiated...
2025-12-03 01:18:35.875 [/] INFO  [SpringApplicationShutdownHook] com.zaxxer.hikari.HikariDataSource - HikariPool-1 - Shutdown completed.
2025-12-03 01:18:43.014 [/] INFO  [main] c.p.jwt.JwtApplication - Starting JwtApplication using Java 17.0.13 with PID 27936 (C:\Users\femer\Downloads\DESARROLLO_BOOTCAMP\PROJECT_SPRING_SECURITY\target\classes started by femer in C:\Users\femer\Downloads\DESARROLLO_BOOTCAMP\PROJECT_SPRING_SECURITY)
2025-12-03 01:18:43.018 [/] DEBUG [main] c.p.jwt.JwtApplication - Running with Spring Boot v3.3.4, Spring v6.1.13
2025-12-03 01:18:43.021 [/] INFO  [main] c.p.jwt.JwtApplication - No active profile set, falling back to 1 default profile: "default"
2025-12-03 01:18:44.922 [/] INFO  [main] o.s.d.r.c.RepositoryConfigurationDelegate - Bootstrapping Spring Data JPA repositories in DEFAULT mode.
2025-12-03 01:18:45.059 [/] INFO  [main] o.s.d.r.c.RepositoryConfigurationDelegate - Finished Spring Data repository scanning in 124 ms. Found 2 JPA repository interfaces.
2025-12-03 01:18:46.314 [/] INFO  [main] o.s.b.w.e.tomcat.TomcatWebServer - Tomcat initialized with port 9100 (http)
2025-12-03 01:18:46.338 [/] INFO  [main] o.a.catalina.core.StandardService - Starting service [Tomcat]
2025-12-03 01:18:46.338 [/] INFO  [main] o.a.catalina.core.StandardEngine - Starting Servlet engine: [Apache Tomcat/10.1.30]
2025-12-03 01:18:46.472 [/] INFO  [main] o.a.c.c.C.[Tomcat].[localhost].[/] - Initializing Spring embedded WebApplicationContext
2025-12-03 01:18:46.472 [/] INFO  [main] o.s.b.w.s.c.ServletWebServerApplicationContext - Root WebApplicationContext: initialization completed in 3347 ms
2025-12-03 01:18:46.551 [/] INFO  [main] com.zaxxer.hikari.HikariDataSource - HikariPool-1 - Starting...
2025-12-03 01:18:46.840 [/] INFO  [main] com.zaxxer.hikari.pool.HikariPool - HikariPool-1 - Added connection conn0: url=jdbc:h2:mem:testdb user=SA
2025-12-03 01:18:46.845 [/] INFO  [main] com.zaxxer.hikari.HikariDataSource - HikariPool-1 - Start completed.
2025-12-03 01:18:46.859 [/] INFO  [main] o.s.b.a.h.H2ConsoleAutoConfiguration - H2 console available at '/h2-console'. Database available at 'jdbc:h2:mem:testdb'
2025-12-03 01:18:47.047 [/] INFO  [main] o.h.jpa.internal.util.LogHelper - HHH000204: Processing PersistenceUnitInfo [name: default]
2025-12-03 01:18:47.190 [/] INFO  [main] org.hibernate.Version - HHH000412: Hibernate ORM core version 6.5.3.Final
2025-12-03 01:18:47.240 [/] INFO  [main] o.h.c.i.RegionFactoryInitiator - HHH000026: Second-level cache disabled
2025-12-03 01:18:47.932 [/] INFO  [main] o.s.o.j.p.SpringPersistenceUnitInfo - No LoadTimeWeaver setup: ignoring JPA class transformer
2025-12-03 01:18:48.010 [/] WARN  [main] org.hibernate.orm.deprecation - HHH90000025: H2Dialect does not need to be specified explicitly using 'hibernate.dialect' (remove the property setting and it will be selected by default)
2025-12-03 01:18:49.821 [/] INFO  [main] o.h.e.t.j.p.i.JtaPlatformInitiator - HHH000489: No JTA platform available (set 'hibernate.transaction.jta.platform' to enable JTA platform integration)
2025-12-03 01:18:49.832 [/] DEBUG [main] org.hibernate.SQL - drop table if exists _user cascade 
2025-12-03 01:18:49.837 [/] DEBUG [main] org.hibernate.SQL - drop table if exists token cascade 
2025-12-03 01:18:49.838 [/] DEBUG [main] org.hibernate.SQL - drop sequence if exists token_seq
2025-12-03 01:18:49.842 [/] DEBUG [main] org.hibernate.SQL - create sequence token_seq start with 1 increment by 50
2025-12-03 01:18:49.849 [/] DEBUG [main] org.hibernate.SQL - create table _user (id integer generated by default as identity, email varchar(255) unique, name varchar(255), password varchar(255), role enum ('ADMIN','EDITOR'), primary key (id))
2025-12-03 01:18:49.858 [/] DEBUG [main] org.hibernate.SQL - create table token (expired boolean not null, id integer not null, revoked boolean not null, user_id integer, token varchar(1000) unique, token_category enum ('ACCESS','REFRESH'), token_type enum ('BEARER'), primary key (id))
2025-12-03 01:18:49.859 [/] DEBUG [main] org.hibernate.SQL - alter table if exists token add constraint FKiblu4cjwvyntq3ugo31klp1c6 foreign key (user_id) references _user
2025-12-03 01:18:49.871 [/] INFO  [main] o.s.o.j.LocalContainerEntityManagerFactoryBean - Initialized JPA EntityManagerFactory for persistence unit 'default'
2025-12-03 01:18:50.120 [/] DEBUG [main] o.h.s.internal.StatisticsInitiator - Statistics initialized [enabled=false]
2025-12-03 01:18:50.464 [/] INFO  [main] o.s.d.j.r.query.QueryEnhancerFactory - Hibernate is in classpath; If applicable, HQL parser will be used.
2025-12-03 01:18:51.282 [/] DEBUG [main] c.p.j.config.JwtAuthenticationFilter - Filter 'jwtAuthenticationFilter' configured for use
2025-12-03 01:18:51.375 [/] INFO  [main] o.s.s.c.a.a.c.InitializeAuthenticationProviderBeanManagerConfigurer$InitializeAuthenticationProviderManagerConfigurer - Global AuthenticationManager configured with AuthenticationProvider bean with name authenticationProvider
2025-12-03 01:18:51.375 [/] WARN  [main] o.s.s.c.a.a.c.InitializeUserDetailsBeanManagerConfigurer$InitializeUserDetailsManagerConfigurer - Global AuthenticationManager configured with an AuthenticationProvider bean. UserDetailsService beans will not be used for username/password login. Consider removing the AuthenticationProvider bean. Alternatively, consider using the UserDetailsService in a manually instantiated DaoAuthenticationProvider.
2025-12-03 01:18:51.632 [/] WARN  [main] o.s.b.a.o.j.JpaBaseConfiguration$JpaWebConfiguration - spring.jpa.open-in-view is enabled by default. Therefore, database queries may be performed during view rendering. Explicitly configure spring.jpa.open-in-view to disable this warning
2025-12-03 01:18:51.951 [/] DEBUG [main] o.s.w.s.m.m.a.RequestMappingHandlerMapping - 24 mappings in 'requestMappingHandlerMapping'
2025-12-03 01:18:52.106 [/] DEBUG [main] o.s.w.s.h.SimpleUrlHandlerMapping - Patterns [/webjars/**, /**, /swagger-ui*/*swagger-initializer.js, /swagger-ui*/**] in 'resourceHandlerMapping'
2025-12-03 01:18:52.182 [/] DEBUG [main] o.s.s.web.DefaultSecurityFilterChain - Will secure any request with filters: DisableEncodeUrlFilter, WebAsyncManagerIntegrationFilter, SecurityContextHolderFilter, HeaderWriterFilter, LogoutFilter, JwtAuthenticationFilter, RequestCacheAwareFilter, SecurityContextHolderAwareRequestFilter, AnonymousAuthenticationFilter, SessionManagementFilter, ExceptionTranslationFilter, AuthorizationFilter
2025-12-03 01:18:52.349 [/] DEBUG [main] o.s.w.s.m.m.a.RequestMappingHandlerAdapter - ControllerAdvice beans: 0 @ModelAttribute, 0 @InitBinder, 1 RequestBodyAdvice, 1 ResponseBodyAdvice
2025-12-03 01:18:52.422 [/] DEBUG [main] o.s.w.s.m.m.a.ExceptionHandlerExceptionResolver - ControllerAdvice beans: 2 @ExceptionHandler, 1 ResponseBodyAdvice
2025-12-03 01:18:52.682 [/] INFO  [main] o.s.b.w.e.tomcat.TomcatWebServer - Tomcat started on port 9100 (http) with context path '/'
2025-12-03 01:18:52.700 [/] INFO  [main] c.p.jwt.JwtApplication - Started JwtApplication in 10.597 seconds (process running for 11.177)
2025-12-03 01:19:24.377 [/] INFO  [http-nio-9100-exec-3] o.a.c.c.C.[Tomcat].[localhost].[/] - Initializing Spring DispatcherServlet 'dispatcherServlet'
2025-12-03 01:19:24.377 [/] INFO  [http-nio-9100-exec-3] o.s.web.servlet.DispatcherServlet - Initializing Servlet 'dispatcherServlet'
2025-12-03 01:19:24.377 [/] DEBUG [http-nio-9100-exec-3] o.s.web.servlet.DispatcherServlet - Detected StandardServletMultipartResolver
2025-12-03 01:19:24.377 [/] DEBUG [http-nio-9100-exec-3] o.s.web.servlet.DispatcherServlet - Detected AcceptHeaderLocaleResolver
2025-12-03 01:19:24.377 [/] DEBUG [http-nio-9100-exec-3] o.s.web.servlet.DispatcherServlet - Detected FixedThemeResolver
2025-12-03 01:19:24.381 [/] DEBUG [http-nio-9100-exec-3] o.s.web.servlet.DispatcherServlet - Detected org.springframework.web.servlet.view.DefaultRequestToViewNameTranslator@62a1bc26
2025-12-03 01:19:24.382 [/] DEBUG [http-nio-9100-exec-3] o.s.web.servlet.DispatcherServlet - Detected org.springframework.web.servlet.support.SessionFlashMapManager@39f1e9fc
2025-12-03 01:19:24.382 [/] DEBUG [http-nio-9100-exec-3] o.s.web.servlet.DispatcherServlet - enableLoggingRequestDetails='false': request parameters and headers will be masked to prevent unsafe logging of potentially sensitive data
2025-12-03 01:19:24.382 [/] INFO  [http-nio-9100-exec-3] o.s.web.servlet.DispatcherServlet - Completed initialization in 5 ms
2025-12-03 01:19:24.410 [/] DEBUG [http-nio-9100-exec-3] o.s.security.web.FilterChainProxy - Securing POST /api/v1/auth/register
2025-12-03 01:19:24.422 [/] DEBUG [http-nio-9100-exec-3] c.p.j.config.JwtAuthenticationFilter - Processing request: POST /api/v1/auth/register
2025-12-03 01:19:24.422 [/] DEBUG [http-nio-9100-exec-3] c.p.j.config.JwtAuthenticationFilter - Skipping JWT filter completely for public path: /api/v1/auth/register
2025-12-03 01:19:24.425 [/] DEBUG [http-nio-9100-exec-3] o.s.s.w.a.AnonymousAuthenticationFilter - Set SecurityContextHolder to anonymous SecurityContext
2025-12-03 01:19:24.432 [/] DEBUG [http-nio-9100-exec-3] o.s.security.web.FilterChainProxy - Secured POST /api/v1/auth/register
2025-12-03 01:19:24.436 [/] DEBUG [http-nio-9100-exec-3] o.s.web.servlet.DispatcherServlet - POST "/api/v1/auth/register", parameters={}
2025-12-03 01:19:24.438 [/] DEBUG [http-nio-9100-exec-3] o.s.w.s.m.m.a.RequestMappingHandlerMapping - Mapped to com.programandoenjava.jwt.auth.controller.AuthController#register(RegisterRequest)
2025-12-03 01:19:24.624 [/] DEBUG [http-nio-9100-exec-3] o.s.w.s.m.m.a.RequestResponseBodyMethodProcessor - Read "application/json;charset=UTF-8" to [RegisterRequest[name=Admin User, email=admin@example.com, password=admin123, role=ADMIN]]
2025-12-03 01:19:24.638 [/] DEBUG [http-nio-9100-exec-3] c.p.jwt.auth.service.AuthService - Attempting to register user with email: admin@example.com
2025-12-03 01:19:24.842 [/] DEBUG [http-nio-9100-exec-3] org.hibernate.SQL - select u1_0.id,u1_0.email,u1_0.name,u1_0.password,u1_0.role from _user u1_0 where u1_0.email=?
2025-12-03 01:19:25.001 [/] DEBUG [http-nio-9100-exec-3] c.p.jwt.auth.service.AuthService - Saving new user: admin@example.com
2025-12-03 01:19:25.064 [/] DEBUG [http-nio-9100-exec-3] org.hibernate.SQL - insert into _user (email,name,password,role,id) values (?,?,?,?,default)
2025-12-03 01:19:25.342 [/] DEBUG [http-nio-9100-exec-3] org.hibernate.SQL - select next value for token_seq
2025-12-03 01:19:25.364 [/] DEBUG [http-nio-9100-exec-3] org.hibernate.SQL - insert into token (expired,revoked,token,token_category,token_type,user_id,id) values (?,?,?,?,?,?,?)
2025-12-03 01:19:25.369 [/] DEBUG [http-nio-9100-exec-3] c.p.jwt.auth.service.AuthService - ACCESS token saved for user: admin@example.com
2025-12-03 01:19:25.370 [/] DEBUG [http-nio-9100-exec-3] org.hibernate.SQL - select next value for token_seq
2025-12-03 01:19:25.372 [/] DEBUG [http-nio-9100-exec-3] org.hibernate.SQL - insert into token (expired,revoked,token,token_category,token_type,user_id,id) values (?,?,?,?,?,?,?)
2025-12-03 01:19:25.372 [/] DEBUG [http-nio-9100-exec-3] c.p.jwt.auth.service.AuthService - REFRESH token saved for user: admin@example.com
2025-12-03 01:19:25.372 [/] INFO  [http-nio-9100-exec-3] c.p.jwt.auth.service.AuthService - User registered successfully: admin@example.com
2025-12-03 01:19:25.409 [/] DEBUG [http-nio-9100-exec-3] o.s.w.s.m.m.a.HttpEntityMethodProcessor - Using 'application/json', given [*/*] and supported [application/json, application/*+json]
2025-12-03 01:19:25.414 [/] DEBUG [http-nio-9100-exec-3] o.s.w.s.m.m.a.HttpEntityMethodProcessor - Writing [TokenResponse[accessToken=eyJ0eXAiOiJKV1QiLCJhbGciOiJIUzI1NiJ9.eyJyb2xlIjoiQURNSU4iLCJhdXRob3JpdGllc (truncated)...]
2025-12-03 01:19:25.431 [/] DEBUG [http-nio-9100-exec-3] o.s.web.servlet.DispatcherServlet - Completed 200 OK
2025-12-03 01:19:51.864 [/] DEBUG [http-nio-9100-exec-4] o.s.security.web.FilterChainProxy - Securing POST /api/v1/auth/login
2025-12-03 01:19:51.864 [/] DEBUG [http-nio-9100-exec-4] c.p.j.config.JwtAuthenticationFilter - Processing request: POST /api/v1/auth/login
2025-12-03 01:19:51.864 [/] DEBUG [http-nio-9100-exec-4] c.p.j.config.JwtAuthenticationFilter - Skipping JWT filter completely for public path: /api/v1/auth/login
2025-12-03 01:19:51.864 [/] DEBUG [http-nio-9100-exec-4] o.s.s.w.a.AnonymousAuthenticationFilter - Set SecurityContextHolder to anonymous SecurityContext
2025-12-03 01:19:51.871 [/] DEBUG [http-nio-9100-exec-4] o.s.security.web.FilterChainProxy - Secured POST /api/v1/auth/login
2025-12-03 01:19:51.871 [/] DEBUG [http-nio-9100-exec-4] o.s.web.servlet.DispatcherServlet - POST "/api/v1/auth/login", parameters={}
2025-12-03 01:19:51.871 [/] DEBUG [http-nio-9100-exec-4] o.s.w.s.m.m.a.RequestMappingHandlerMapping - Mapped to com.programandoenjava.jwt.auth.controller.AuthController#authenticate(AuthRequest)
2025-12-03 01:19:51.872 [/] DEBUG [http-nio-9100-exec-4] o.s.w.s.m.m.a.RequestResponseBodyMethodProcessor - Read "application/json;charset=UTF-8" to [AuthRequest[email=admin@example.com, password=admin123]]
2025-12-03 01:19:51.874 [/] DEBUG [http-nio-9100-exec-4] c.p.jwt.auth.service.AuthService - Attempting to authenticate user: admin@example.com
2025-12-03 01:19:51.952 [/] DEBUG [http-nio-9100-exec-4] org.hibernate.SQL - select u1_0.id,u1_0.email,u1_0.name,u1_0.password,u1_0.role from _user u1_0 where u1_0.email=?
2025-12-03 01:19:52.036 [/] DEBUG [http-nio-9100-exec-4] o.s.s.a.d.DaoAuthenticationProvider - Authenticated user
2025-12-03 01:19:52.038 [/] DEBUG [http-nio-9100-exec-4] org.hibernate.SQL - select u1_0.id,u1_0.email,u1_0.name,u1_0.password,u1_0.role from _user u1_0 where u1_0.email=?
2025-12-03 01:19:52.051 [/] DEBUG [http-nio-9100-exec-4] org.hibernate.SQL - select t1_0.id,t1_0.expired,t1_0.revoked,t1_0.token,t1_0.token_category,t1_0.token_type,t1_0.user_id from token t1_0 join _user u1_0 on t1_0.user_id=u1_0.id where u1_0.id=? and (t1_0.expired=false or t1_0.revoked=false)
2025-12-03 01:19:52.060 [/] DEBUG [http-nio-9100-exec-4] c.p.jwt.auth.service.AuthService - Revoking 2 tokens for user: admin@example.com
2025-12-03 01:19:52.070 [/] DEBUG [http-nio-9100-exec-4] org.hibernate.SQL - update token set expired=?,revoked=?,token=?,token_category=?,token_type=?,user_id=? where id=?
2025-12-03 01:19:52.075 [/] DEBUG [http-nio-9100-exec-4] org.hibernate.SQL - update token set expired=?,revoked=?,token=?,token_category=?,token_type=?,user_id=? where id=?
2025-12-03 01:19:52.077 [/] DEBUG [http-nio-9100-exec-4] org.hibernate.SQL - insert into token (expired,revoked,token,token_category,token_type,user_id,id) values (?,?,?,?,?,?,?)
2025-12-03 01:19:52.081 [/] DEBUG [http-nio-9100-exec-4] c.p.jwt.auth.service.AuthService - ACCESS token saved for user: admin@example.com
2025-12-03 01:19:52.082 [/] DEBUG [http-nio-9100-exec-4] org.hibernate.SQL - insert into token (expired,revoked,token,token_category,token_type,user_id,id) values (?,?,?,?,?,?,?)
2025-12-03 01:19:52.085 [/] DEBUG [http-nio-9100-exec-4] c.p.jwt.auth.service.AuthService - REFRESH token saved for user: admin@example.com
2025-12-03 01:19:52.085 [/] INFO  [http-nio-9100-exec-4] c.p.jwt.auth.service.AuthService - User authenticated successfully: admin@example.com
2025-12-03 01:19:52.086 [/] DEBUG [http-nio-9100-exec-4] o.s.w.s.m.m.a.HttpEntityMethodProcessor - Using 'application/json', given [*/*] and supported [application/json, application/*+json]
2025-12-03 01:19:52.086 [/] DEBUG [http-nio-9100-exec-4] o.s.w.s.m.m.a.HttpEntityMethodProcessor - Writing [TokenResponse[accessToken=eyJ0eXAiOiJKV1QiLCJhbGciOiJIUzI1NiJ9.eyJyb2xlIjoiQURNSU4iLCJhdXRob3JpdGllc (truncated)...]
2025-12-03 01:19:52.088 [/] DEBUG [http-nio-9100-exec-4] o.s.web.servlet.DispatcherServlet - Completed 200 OK
2025-12-03 01:21:15.056 [/] DEBUG [http-nio-9100-exec-6] o.s.security.web.FilterChainProxy - Securing POST /api/v1/admin/settings
2025-12-03 01:21:15.056 [/] DEBUG [http-nio-9100-exec-6] c.p.j.config.JwtAuthenticationFilter - Processing request: POST /api/v1/admin/settings
2025-12-03 01:21:15.095 [/] ERROR [http-nio-9100-exec-6] c.p.j.config.JwtAuthenticationFilter - Error processing JWT authentication: JWT expired 23095 milliseconds ago at 2025-12-03T06:20:52.000Z. Current time: 2025-12-03T06:21:15.095Z. Allowed clock skew: 0 milliseconds.
io.jsonwebtoken.ExpiredJwtException: JWT expired 23095 milliseconds ago at 2025-12-03T06:20:52.000Z. Current time: 2025-12-03T06:21:15.095Z. Allowed clock skew: 0 milliseconds.
	at io.jsonwebtoken.impl.DefaultJwtParser.parse(DefaultJwtParser.java:691)
	at io.jsonwebtoken.impl.DefaultJwtParser.parse(DefaultJwtParser.java:364)
	at io.jsonwebtoken.impl.DefaultJwtParser.parse(DefaultJwtParser.java:94)
	at io.jsonwebtoken.impl.io.AbstractParser.parse(AbstractParser.java:36)
	at io.jsonwebtoken.impl.io.AbstractParser.parse(AbstractParser.java:29)
	at io.jsonwebtoken.impl.DefaultJwtParser.parseSignedClaims(DefaultJwtParser.java:830)
	at com.programandoenjava.jwt.auth.service.JwtService.extractUsername(JwtService.java:39)
	at com.programandoenjava.jwt.config.JwtAuthenticationFilter.doFilterInternal(JwtAuthenticationFilter.java:85)
	at org.springframework.web.filter.OncePerRequestFilter.doFilter(OncePerRequestFilter.java:116)
	at org.springframework.security.web.FilterChainProxy$VirtualFilterChain.doFilter(FilterChainProxy.java:374)
	at org.springframework.security.web.authentication.logout.LogoutFilter.doFilter(LogoutFilter.java:107)
	at org.springframework.security.web.authentication.logout.LogoutFilter.doFilter(LogoutFilter.java:93)
	at org.springframework.security.web.FilterChainProxy$VirtualFilterChain.doFilter(FilterChainProxy.java:374)
	at org.springframework.security.web.header.HeaderWriterFilter.doHeadersAfter(HeaderWriterFilter.java:90)
	at org.springframework.security.web.header.HeaderWriterFilter.doFilterInternal(HeaderWriterFilter.java:75)
	at org.springframework.web.filter.OncePerRequestFilter.doFilter(OncePerRequestFilter.java:116)
	at org.springframework.security.web.FilterChainProxy$VirtualFilterChain.doFilter(FilterChainProxy.java:374)
	at org.springframework.security.web.context.SecurityContextHolderFilter.doFilter(SecurityContextHolderFilter.java:82)
	at org.springframework.security.web.context.SecurityContextHolderFilter.doFilter(SecurityContextHolderFilter.java:69)
	at org.springframework.security.web.FilterChainProxy$VirtualFilterChain.doFilter(FilterChainProxy.java:374)
	at org.springframework.security.web.context.request.async.WebAsyncManagerIntegrationFilter.doFilterInternal(WebAsyncManagerIntegrationFilter.java:62)
	at org.springframework.web.filter.OncePerRequestFilter.doFilter(OncePerRequestFilter.java:116)
	at org.springframework.security.web.FilterChainProxy$VirtualFilterChain.doFilter(FilterChainProxy.java:374)
	at org.springframework.security.web.session.DisableEncodeUrlFilter.doFilterInternal(DisableEncodeUrlFilter.java:42)
	at org.springframework.web.filter.OncePerRequestFilter.doFilter(OncePerRequestFilter.java:116)
	at org.springframework.security.web.FilterChainProxy$VirtualFilterChain.doFilter(FilterChainProxy.java:374)
	at org.springframework.security.web.FilterChainProxy.doFilterInternal(FilterChainProxy.java:233)
	at org.springframework.security.web.FilterChainProxy.doFilter(FilterChainProxy.java:191)
	at org.springframework.web.filter.CompositeFilter$VirtualFilterChain.doFilter(CompositeFilter.java:113)
	at org.springframework.web.servlet.handler.HandlerMappingIntrospector.lambda$createCacheFilter$3(HandlerMappingIntrospector.java:195)
	at org.springframework.web.filter.CompositeFilter$VirtualFilterChain.doFilter(CompositeFilter.java:113)
	at org.springframework.web.filter.CompositeFilter.doFilter(CompositeFilter.java:74)
	at org.springframework.security.config.annotation.web.configuration.WebMvcSecurityConfiguration$CompositeFilterChainProxy.doFilter(WebMvcSecurityConfiguration.java:230)
	at org.springframework.web.filter.DelegatingFilterProxy.invokeDelegate(DelegatingFilterProxy.java:352)
	at org.springframework.web.filter.DelegatingFilterProxy.doFilter(DelegatingFilterProxy.java:268)
	at org.apache.catalina.core.ApplicationFilterChain.internalDoFilter(ApplicationFilterChain.java:164)
	at org.apache.catalina.core.ApplicationFilterChain.doFilter(ApplicationFilterChain.java:140)
	at org.springframework.web.filter.RequestContextFilter.doFilterInternal(RequestContextFilter.java:100)
	at org.springframework.web.filter.OncePerRequestFilter.doFilter(OncePerRequestFilter.java:116)
	at org.apache.catalina.core.ApplicationFilterChain.internalDoFilter(ApplicationFilterChain.java:164)
	at org.apache.catalina.core.ApplicationFilterChain.doFilter(ApplicationFilterChain.java:140)
	at org.springframework.web.filter.FormContentFilter.doFilterInternal(FormContentFilter.java:93)
	at org.springframework.web.filter.OncePerRequestFilter.doFilter(OncePerRequestFilter.java:116)
	at org.apache.catalina.core.ApplicationFilterChain.internalDoFilter(ApplicationFilterChain.java:164)
	at org.apache.catalina.core.ApplicationFilterChain.doFilter(ApplicationFilterChain.java:140)
	at org.springframework.web.filter.CharacterEncodingFilter.doFilterInternal(CharacterEncodingFilter.java:201)
	at org.springframework.web.filter.OncePerRequestFilter.doFilter(OncePerRequestFilter.java:116)
	at org.apache.catalina.core.ApplicationFilterChain.internalDoFilter(ApplicationFilterChain.java:164)
	at org.apache.catalina.core.ApplicationFilterChain.doFilter(ApplicationFilterChain.java:140)
	at org.apache.catalina.core.StandardWrapperValve.invoke(StandardWrapperValve.java:167)
	at org.apache.catalina.core.StandardContextValve.invoke(StandardContextValve.java:90)
	at org.apache.catalina.authenticator.AuthenticatorBase.invoke(AuthenticatorBase.java:483)
	at org.apache.catalina.core.StandardHostValve.invoke(StandardHostValve.java:115)
	at org.apache.catalina.valves.ErrorReportValve.invoke(ErrorReportValve.java:93)
	at org.apache.catalina.core.StandardEngineValve.invoke(StandardEngineValve.java:74)
	at org.apache.catalina.connector.CoyoteAdapter.service(CoyoteAdapter.java:344)
	at org.apache.coyote.http11.Http11Processor.service(Http11Processor.java:384)
	at org.apache.coyote.AbstractProcessorLight.process(AbstractProcessorLight.java:63)
	at org.apache.coyote.AbstractProtocol$ConnectionHandler.process(AbstractProtocol.java:905)
	at org.apache.tomcat.util.net.NioEndpoint$SocketProcessor.doRun(NioEndpoint.java:1741)
	at org.apache.tomcat.util.net.SocketProcessorBase.run(SocketProcessorBase.java:52)
	at org.apache.tomcat.util.threads.ThreadPoolExecutor.runWorker(ThreadPoolExecutor.java:1190)
	at org.apache.tomcat.util.threads.ThreadPoolExecutor$Worker.run(ThreadPoolExecutor.java:659)
	at org.apache.tomcat.util.threads.TaskThread$WrappingRunnable.run(TaskThread.java:63)
	at java.base/java.lang.Thread.run(Thread.java:840)
2025-12-03 01:21:15.100 [/] DEBUG [http-nio-9100-exec-6] o.s.s.w.a.AnonymousAuthenticationFilter - Set SecurityContextHolder to anonymous SecurityContext
2025-12-03 01:21:15.101 [/] ERROR [http-nio-9100-exec-6] c.p.jwt.config.SecurityConfig - ❌ Error de autenticación (401): Full authentication is required to access this resource - Path: /api/v1/admin/settings
2025-12-03 01:22:29.470 [/] DEBUG [http-nio-9100-exec-9] o.s.security.web.FilterChainProxy - Securing POST /api/v1/auth/refresh-token
2025-12-03 01:22:29.471 [/] DEBUG [http-nio-9100-exec-9] c.p.j.config.JwtAuthenticationFilter - Processing request: POST /api/v1/auth/refresh-token
2025-12-03 01:22:29.472 [/] DEBUG [http-nio-9100-exec-9] c.p.j.config.JwtAuthenticationFilter - Extracted email from JWT: admin@example.com
2025-12-03 01:22:29.521 [/] DEBUG [http-nio-9100-exec-9] org.hibernate.SQL - select u1_0.id,u1_0.email,u1_0.name,u1_0.password,u1_0.role from _user u1_0 where u1_0.email=?
2025-12-03 01:22:29.522 [/] DEBUG [http-nio-9100-exec-9] c.p.j.config.JwtAuthenticationFilter - Processing refresh token endpoint
2025-12-03 01:22:29.525 [/] DEBUG [http-nio-9100-exec-9] org.hibernate.SQL - select u1_0.id,u1_0.email,u1_0.name,u1_0.password,u1_0.role from _user u1_0 where u1_0.email=?
2025-12-03 01:22:29.527 [/] DEBUG [http-nio-9100-exec-9] c.p.j.config.JwtAuthenticationFilter - Refresh token JWT validity: true
2025-12-03 01:22:29.527 [/] DEBUG [http-nio-9100-exec-9] c.p.j.config.JwtAuthenticationFilter - Authenticating user for refresh token: admin@example.com
2025-12-03 01:22:29.527 [/] DEBUG [http-nio-9100-exec-9] c.p.j.config.JwtAuthenticationFilter - User details class: com.programandoenjava.jwt.user.User
2025-12-03 01:22:29.527 [/] DEBUG [http-nio-9100-exec-9] c.p.j.config.JwtAuthenticationFilter - User authorities before auth: [ROLE_ADMIN, READ, WRITE]
2025-12-03 01:22:29.527 [/] DEBUG [http-nio-9100-exec-9] c.p.j.config.JwtAuthenticationFilter - User role from entity: ADMIN
2025-12-03 01:22:29.527 [/] DEBUG [http-nio-9100-exec-9] c.p.j.config.JwtAuthenticationFilter - User authorities from getAuthorities(): [ROLE_ADMIN, READ, WRITE]
2025-12-03 01:22:29.529 [/] DEBUG [http-nio-9100-exec-9] c.p.j.config.JwtAuthenticationFilter - User admin@example.com authenticated successfully with authorities: [ROLE_ADMIN, READ, WRITE]
2025-12-03 01:22:29.529 [/] DEBUG [http-nio-9100-exec-9] o.s.security.web.FilterChainProxy - Secured POST /api/v1/auth/refresh-token
2025-12-03 01:22:29.529 [/] DEBUG [http-nio-9100-exec-9] o.s.web.servlet.DispatcherServlet - POST "/api/v1/auth/refresh-token", parameters={}
2025-12-03 01:22:29.529 [/] DEBUG [http-nio-9100-exec-9] o.s.w.s.m.m.a.RequestMappingHandlerMapping - Mapped to com.programandoenjava.jwt.auth.controller.AuthController#refreshToken(String)
2025-12-03 01:22:29.545 [/] DEBUG [http-nio-9100-exec-9] c.p.jwt.auth.service.AuthService - Attempting to refresh token
2025-12-03 01:22:29.548 [/] DEBUG [http-nio-9100-exec-9] org.hibernate.SQL - select u1_0.id,u1_0.email,u1_0.name,u1_0.password,u1_0.role from _user u1_0 where u1_0.email=?
2025-12-03 01:22:29.551 [/] DEBUG [http-nio-9100-exec-9] org.hibernate.SQL - select t1_0.id,t1_0.expired,t1_0.revoked,t1_0.token,t1_0.token_category,t1_0.token_type,t1_0.user_id from token t1_0 where t1_0.token=?
2025-12-03 01:22:29.561 [/] DEBUG [http-nio-9100-exec-9] org.hibernate.SQL - update token set expired=?,revoked=?,token=?,token_category=?,token_type=?,user_id=? where id=?
2025-12-03 01:22:29.564 [/] DEBUG [http-nio-9100-exec-9] org.hibernate.SQL - select t1_0.id,t1_0.expired,t1_0.revoked,t1_0.token,t1_0.token_category,t1_0.token_type,t1_0.user_id from token t1_0 join _user u1_0 on t1_0.user_id=u1_0.id where u1_0.id=? and (t1_0.expired=false or t1_0.revoked=false)
2025-12-03 01:22:29.568 [/] DEBUG [http-nio-9100-exec-9] c.p.jwt.auth.service.AuthService - Revoking 1 access tokens for user: admin@example.com
2025-12-03 01:22:29.570 [/] DEBUG [http-nio-9100-exec-9] org.hibernate.SQL - update token set expired=?,revoked=?,token=?,token_category=?,token_type=?,user_id=? where id=?
2025-12-03 01:22:29.575 [/] DEBUG [http-nio-9100-exec-9] org.hibernate.SQL - insert into token (expired,revoked,token,token_category,token_type,user_id,id) values (?,?,?,?,?,?,?)
2025-12-03 01:22:29.575 [/] DEBUG [http-nio-9100-exec-9] c.p.jwt.auth.service.AuthService - ACCESS token saved for user: admin@example.com
2025-12-03 01:22:29.575 [/] DEBUG [http-nio-9100-exec-9] org.hibernate.SQL - insert into token (expired,revoked,token,token_category,token_type,user_id,id) values (?,?,?,?,?,?,?)
2025-12-03 01:22:29.575 [/] DEBUG [http-nio-9100-exec-9] c.p.jwt.auth.service.AuthService - REFRESH token saved for user: admin@example.com
2025-12-03 01:22:29.575 [/] INFO  [http-nio-9100-exec-9] c.p.jwt.auth.service.AuthService - Token refreshed successfully for user: admin@example.com
2025-12-03 01:22:29.575 [/] DEBUG [http-nio-9100-exec-9] o.s.w.s.m.m.a.HttpEntityMethodProcessor - Using 'application/json', given [*/*] and supported [application/json, application/*+json]
2025-12-03 01:22:29.575 [/] DEBUG [http-nio-9100-exec-9] o.s.w.s.m.m.a.HttpEntityMethodProcessor - Writing [TokenResponse[accessToken=eyJ0eXAiOiJKV1QiLCJhbGciOiJIUzI1NiJ9.eyJyb2xlIjoiQURNSU4iLCJhdXRob3JpdGllc (truncated)...]
2025-12-03 01:22:29.581 [/] DEBUG [http-nio-9100-exec-9] o.s.web.servlet.DispatcherServlet - Completed 200 OK
2025-12-03 01:22:54.010 [/] DEBUG [http-nio-9100-exec-10] o.s.security.web.FilterChainProxy - Securing GET /api/v1/admin/dashboard
2025-12-03 01:22:54.010 [/] DEBUG [http-nio-9100-exec-10] c.p.j.config.JwtAuthenticationFilter - Processing request: GET /api/v1/admin/dashboard
2025-12-03 01:22:54.014 [/] DEBUG [http-nio-9100-exec-10] c.p.j.config.JwtAuthenticationFilter - Extracted email from JWT: admin@example.com
2025-12-03 01:22:54.014 [/] DEBUG [http-nio-9100-exec-10] org.hibernate.SQL - select u1_0.id,u1_0.email,u1_0.name,u1_0.password,u1_0.role from _user u1_0 where u1_0.email=?
2025-12-03 01:22:54.014 [/] DEBUG [http-nio-9100-exec-10] c.p.j.config.JwtAuthenticationFilter - Processing regular access token
2025-12-03 01:22:54.014 [/] DEBUG [http-nio-9100-exec-10] org.hibernate.SQL - select t1_0.id,t1_0.expired,t1_0.revoked,t1_0.token,t1_0.token_category,t1_0.token_type,t1_0.user_id from token t1_0 where t1_0.token=?
2025-12-03 01:22:54.022 [/] DEBUG [http-nio-9100-exec-10] c.p.j.config.JwtAuthenticationFilter - Access token validation - Expired: false, Revoked: false
2025-12-03 01:22:54.022 [/] DEBUG [http-nio-9100-exec-10] c.p.j.config.JwtAuthenticationFilter - Access token valid in database: true
2025-12-03 01:22:54.025 [/] DEBUG [http-nio-9100-exec-10] org.hibernate.SQL - select u1_0.id,u1_0.email,u1_0.name,u1_0.password,u1_0.role from _user u1_0 where u1_0.email=?
2025-12-03 01:22:54.025 [/] DEBUG [http-nio-9100-exec-10] c.p.j.config.JwtAuthenticationFilter - Access token JWT signature and expiration valid: true
2025-12-03 01:22:54.025 [/] DEBUG [http-nio-9100-exec-10] c.p.j.config.JwtAuthenticationFilter - 🔍 Iniciando validación de claims requeridos
2025-12-03 01:22:54.025 [/] INFO  [http-nio-9100-exec-10] c.p.j.config.JwtAuthenticationFilter - ✅ Todas las validaciones de claims pasaron exitosamente
2025-12-03 01:22:54.025 [/] DEBUG [http-nio-9100-exec-10] c.p.j.config.JwtAuthenticationFilter - ✅ Todos los claims requeridos son válidos
2025-12-03 01:22:54.025 [/] DEBUG [http-nio-9100-exec-10] c.p.j.config.JwtAuthenticationFilter - Authenticating user with access token: admin@example.com
2025-12-03 01:22:54.025 [/] DEBUG [http-nio-9100-exec-10] c.p.j.config.JwtAuthenticationFilter - User details class: com.programandoenjava.jwt.user.User
2025-12-03 01:22:54.025 [/] DEBUG [http-nio-9100-exec-10] c.p.j.config.JwtAuthenticationFilter - User authorities before auth: [ROLE_ADMIN, READ, WRITE]
2025-12-03 01:22:54.025 [/] DEBUG [http-nio-9100-exec-10] c.p.j.config.JwtAuthenticationFilter - User role from entity: ADMIN
2025-12-03 01:22:54.025 [/] DEBUG [http-nio-9100-exec-10] c.p.j.config.JwtAuthenticationFilter - User authorities from getAuthorities(): [ROLE_ADMIN, READ, WRITE]
2025-12-03 01:22:54.025 [/] DEBUG [http-nio-9100-exec-10] c.p.j.config.JwtAuthenticationFilter - User admin@example.com authenticated successfully with authorities: [ROLE_ADMIN, READ, WRITE]
2025-12-03 01:22:54.025 [/] DEBUG [http-nio-9100-exec-10] o.s.security.web.FilterChainProxy - Secured GET /api/v1/admin/dashboard
2025-12-03 01:22:54.030 [/] DEBUG [http-nio-9100-exec-10] o.s.web.servlet.DispatcherServlet - GET "/api/v1/admin/dashboard", parameters={}
2025-12-03 01:22:54.030 [/] DEBUG [http-nio-9100-exec-10] o.s.w.s.m.m.a.RequestMappingHandlerMapping - Mapped to com.programandoenjava.jwt.controller.AdminController#getDashboard(Authentication)
2025-12-03 01:22:54.036 [/] DEBUG [http-nio-9100-exec-10] o.s.s.a.m.AuthorizationManagerBeforeMethodInterceptor - Authorizing method invocation ReflectiveMethodInvocation: public org.springframework.http.ResponseEntity com.programandoenjava.jwt.controller.AdminController.getDashboard(org.springframework.security.core.Authentication); target is of class [com.programandoenjava.jwt.controller.AdminController]
2025-12-03 01:22:54.056 [/] DEBUG [http-nio-9100-exec-10] o.s.s.a.m.AuthorizationManagerBeforeMethodInterceptor - Authorized method invocation ReflectiveMethodInvocation: public org.springframework.http.ResponseEntity com.programandoenjava.jwt.controller.AdminController.getDashboard(org.springframework.security.core.Authentication); target is of class [com.programandoenjava.jwt.controller.AdminController]
2025-12-03 01:22:54.056 [/] DEBUG [http-nio-9100-exec-10] o.s.w.s.m.m.a.HttpEntityMethodProcessor - Using 'application/json', given [*/*] and supported [application/json, application/*+json]
2025-12-03 01:22:54.060 [/] DEBUG [http-nio-9100-exec-10] o.s.w.s.m.m.a.HttpEntityMethodProcessor - Writing [{message=Admin Dashboard - Only ADMIN role can access, user=admin@example.com, authorities=[ROLE_ADM (truncated)...]
2025-12-03 01:22:54.062 [/] DEBUG [http-nio-9100-exec-10] o.s.web.servlet.DispatcherServlet - Completed 200 OK
2025-12-03 01:23:17.698 [/] DEBUG [http-nio-9100-exec-1] o.s.security.web.FilterChainProxy - Securing GET /api/v1/admin/users
2025-12-03 01:23:17.698 [/] DEBUG [http-nio-9100-exec-1] c.p.j.config.JwtAuthenticationFilter - Processing request: GET /api/v1/admin/users
2025-12-03 01:23:17.699 [/] DEBUG [http-nio-9100-exec-1] c.p.j.config.JwtAuthenticationFilter - Extracted email from JWT: admin@example.com
2025-12-03 01:23:17.701 [/] DEBUG [http-nio-9100-exec-1] org.hibernate.SQL - select u1_0.id,u1_0.email,u1_0.name,u1_0.password,u1_0.role from _user u1_0 where u1_0.email=?
2025-12-03 01:23:17.702 [/] DEBUG [http-nio-9100-exec-1] c.p.j.config.JwtAuthenticationFilter - Processing regular access token
2025-12-03 01:23:17.704 [/] DEBUG [http-nio-9100-exec-1] org.hibernate.SQL - select t1_0.id,t1_0.expired,t1_0.revoked,t1_0.token,t1_0.token_category,t1_0.token_type,t1_0.user_id from token t1_0 where t1_0.token=?
2025-12-03 01:23:17.705 [/] DEBUG [http-nio-9100-exec-1] c.p.j.config.JwtAuthenticationFilter - Access token validation - Expired: false, Revoked: false
2025-12-03 01:23:17.705 [/] DEBUG [http-nio-9100-exec-1] c.p.j.config.JwtAuthenticationFilter - Access token valid in database: true
2025-12-03 01:23:17.706 [/] DEBUG [http-nio-9100-exec-1] org.hibernate.SQL - select u1_0.id,u1_0.email,u1_0.name,u1_0.password,u1_0.role from _user u1_0 where u1_0.email=?
2025-12-03 01:23:17.708 [/] DEBUG [http-nio-9100-exec-1] c.p.j.config.JwtAuthenticationFilter - Access token JWT signature and expiration valid: true
2025-12-03 01:23:17.708 [/] DEBUG [http-nio-9100-exec-1] c.p.j.config.JwtAuthenticationFilter - 🔍 Iniciando validación de claims requeridos
2025-12-03 01:23:17.708 [/] INFO  [http-nio-9100-exec-1] c.p.j.config.JwtAuthenticationFilter - ✅ Todas las validaciones de claims pasaron exitosamente
2025-12-03 01:23:17.708 [/] DEBUG [http-nio-9100-exec-1] c.p.j.config.JwtAuthenticationFilter - ✅ Todos los claims requeridos son válidos
2025-12-03 01:23:17.708 [/] DEBUG [http-nio-9100-exec-1] c.p.j.config.JwtAuthenticationFilter - Authenticating user with access token: admin@example.com
2025-12-03 01:23:17.708 [/] DEBUG [http-nio-9100-exec-1] c.p.j.config.JwtAuthenticationFilter - User details class: com.programandoenjava.jwt.user.User
2025-12-03 01:23:17.708 [/] DEBUG [http-nio-9100-exec-1] c.p.j.config.JwtAuthenticationFilter - User authorities before auth: [ROLE_ADMIN, READ, WRITE]
2025-12-03 01:23:17.708 [/] DEBUG [http-nio-9100-exec-1] c.p.j.config.JwtAuthenticationFilter - User role from entity: ADMIN
2025-12-03 01:23:17.708 [/] DEBUG [http-nio-9100-exec-1] c.p.j.config.JwtAuthenticationFilter - User authorities from getAuthorities(): [ROLE_ADMIN, READ, WRITE]
2025-12-03 01:23:17.708 [/] DEBUG [http-nio-9100-exec-1] c.p.j.config.JwtAuthenticationFilter - User admin@example.com authenticated successfully with authorities: [ROLE_ADMIN, READ, WRITE]
2025-12-03 01:23:17.709 [/] DEBUG [http-nio-9100-exec-1] o.s.security.web.FilterChainProxy - Secured GET /api/v1/admin/users
2025-12-03 01:23:17.709 [/] DEBUG [http-nio-9100-exec-1] o.s.web.servlet.DispatcherServlet - GET "/api/v1/admin/users", parameters={}
2025-12-03 01:23:17.710 [/] DEBUG [http-nio-9100-exec-1] o.s.w.s.m.m.a.RequestMappingHandlerMapping - Mapped to com.programandoenjava.jwt.controller.AdminController#getAllUsers(Authentication)
2025-12-03 01:23:17.710 [/] DEBUG [http-nio-9100-exec-1] o.s.s.a.m.AuthorizationManagerBeforeMethodInterceptor - Authorizing method invocation ReflectiveMethodInvocation: public org.springframework.http.ResponseEntity com.programandoenjava.jwt.controller.AdminController.getAllUsers(org.springframework.security.core.Authentication); target is of class [com.programandoenjava.jwt.controller.AdminController]
2025-12-03 01:23:17.710 [/] DEBUG [http-nio-9100-exec-1] o.s.s.a.m.AuthorizationManagerBeforeMethodInterceptor - Authorized method invocation ReflectiveMethodInvocation: public org.springframework.http.ResponseEntity com.programandoenjava.jwt.controller.AdminController.getAllUsers(org.springframework.security.core.Authentication); target is of class [com.programandoenjava.jwt.controller.AdminController]
2025-12-03 01:23:17.711 [/] DEBUG [http-nio-9100-exec-1] o.s.w.s.m.m.a.HttpEntityMethodProcessor - Using 'application/json', given [*/*] and supported [application/json, application/*+json]
2025-12-03 01:23:17.711 [/] DEBUG [http-nio-9100-exec-1] o.s.w.s.m.m.a.HttpEntityMethodProcessor - Writing [{data=User list would be here, message=List of all users - Admin only, user=admin@example.com}]
2025-12-03 01:23:17.713 [/] DEBUG [http-nio-9100-exec-1] o.s.web.servlet.DispatcherServlet - Completed 200 OK
2025-12-03 01:23:33.108 [/] DEBUG [http-nio-9100-exec-3] o.s.security.web.FilterChainProxy - Securing DELETE /api/v1/admin/users/1
2025-12-03 01:23:33.109 [/] DEBUG [http-nio-9100-exec-3] c.p.j.config.JwtAuthenticationFilter - Processing request: DELETE /api/v1/admin/users/1
2025-12-03 01:23:33.109 [/] ERROR [http-nio-9100-exec-3] c.p.j.config.JwtAuthenticationFilter - Error processing JWT authentication: JWT expired 4109 milliseconds ago at 2025-12-03T06:23:29.000Z. Current time: 2025-12-03T06:23:33.109Z. Allowed clock skew: 0 milliseconds.
io.jsonwebtoken.ExpiredJwtException: JWT expired 4109 milliseconds ago at 2025-12-03T06:23:29.000Z. Current time: 2025-12-03T06:23:33.109Z. Allowed clock skew: 0 milliseconds.
	at io.jsonwebtoken.impl.DefaultJwtParser.parse(DefaultJwtParser.java:691)
	at io.jsonwebtoken.impl.DefaultJwtParser.parse(DefaultJwtParser.java:364)
	at io.jsonwebtoken.impl.DefaultJwtParser.parse(DefaultJwtParser.java:94)
	at io.jsonwebtoken.impl.io.AbstractParser.parse(AbstractParser.java:36)
	at io.jsonwebtoken.impl.io.AbstractParser.parse(AbstractParser.java:29)
	at io.jsonwebtoken.impl.DefaultJwtParser.parseSignedClaims(DefaultJwtParser.java:830)
	at com.programandoenjava.jwt.auth.service.JwtService.extractUsername(JwtService.java:39)
	at com.programandoenjava.jwt.config.JwtAuthenticationFilter.doFilterInternal(JwtAuthenticationFilter.java:85)
	at org.springframework.web.filter.OncePerRequestFilter.doFilter(OncePerRequestFilter.java:116)
	at org.springframework.security.web.FilterChainProxy$VirtualFilterChain.doFilter(FilterChainProxy.java:374)
	at org.springframework.security.web.authentication.logout.LogoutFilter.doFilter(LogoutFilter.java:107)
	at org.springframework.security.web.authentication.logout.LogoutFilter.doFilter(LogoutFilter.java:93)
	at org.springframework.security.web.FilterChainProxy$VirtualFilterChain.doFilter(FilterChainProxy.java:374)
	at org.springframework.security.web.header.HeaderWriterFilter.doHeadersAfter(HeaderWriterFilter.java:90)
	at org.springframework.security.web.header.HeaderWriterFilter.doFilterInternal(HeaderWriterFilter.java:75)
	at org.springframework.web.filter.OncePerRequestFilter.doFilter(OncePerRequestFilter.java:116)
	at org.springframework.security.web.FilterChainProxy$VirtualFilterChain.doFilter(FilterChainProxy.java:374)
	at org.springframework.security.web.context.SecurityContextHolderFilter.doFilter(SecurityContextHolderFilter.java:82)
	at org.springframework.security.web.context.SecurityContextHolderFilter.doFilter(SecurityContextHolderFilter.java:69)
	at org.springframework.security.web.FilterChainProxy$VirtualFilterChain.doFilter(FilterChainProxy.java:374)
	at org.springframework.security.web.context.request.async.WebAsyncManagerIntegrationFilter.doFilterInternal(WebAsyncManagerIntegrationFilter.java:62)
	at org.springframework.web.filter.OncePerRequestFilter.doFilter(OncePerRequestFilter.java:116)
	at org.springframework.security.web.FilterChainProxy$VirtualFilterChain.doFilter(FilterChainProxy.java:374)
	at org.springframework.security.web.session.DisableEncodeUrlFilter.doFilterInternal(DisableEncodeUrlFilter.java:42)
	at org.springframework.web.filter.OncePerRequestFilter.doFilter(OncePerRequestFilter.java:116)
	at org.springframework.security.web.FilterChainProxy$VirtualFilterChain.doFilter(FilterChainProxy.java:374)
	at org.springframework.security.web.FilterChainProxy.doFilterInternal(FilterChainProxy.java:233)
	at org.springframework.security.web.FilterChainProxy.doFilter(FilterChainProxy.java:191)
	at org.springframework.web.filter.CompositeFilter$VirtualFilterChain.doFilter(CompositeFilter.java:113)
	at org.springframework.web.servlet.handler.HandlerMappingIntrospector.lambda$createCacheFilter$3(HandlerMappingIntrospector.java:195)
	at org.springframework.web.filter.CompositeFilter$VirtualFilterChain.doFilter(CompositeFilter.java:113)
	at org.springframework.web.filter.CompositeFilter.doFilter(CompositeFilter.java:74)
	at org.springframework.security.config.annotation.web.configuration.WebMvcSecurityConfiguration$CompositeFilterChainProxy.doFilter(WebMvcSecurityConfiguration.java:230)
	at org.springframework.web.filter.DelegatingFilterProxy.invokeDelegate(DelegatingFilterProxy.java:352)
	at org.springframework.web.filter.DelegatingFilterProxy.doFilter(DelegatingFilterProxy.java:268)
	at org.apache.catalina.core.ApplicationFilterChain.internalDoFilter(ApplicationFilterChain.java:164)
	at org.apache.catalina.core.ApplicationFilterChain.doFilter(ApplicationFilterChain.java:140)
	at org.springframework.web.filter.RequestContextFilter.doFilterInternal(RequestContextFilter.java:100)
	at org.springframework.web.filter.OncePerRequestFilter.doFilter(OncePerRequestFilter.java:116)
	at org.apache.catalina.core.ApplicationFilterChain.internalDoFilter(ApplicationFilterChain.java:164)
	at org.apache.catalina.core.ApplicationFilterChain.doFilter(ApplicationFilterChain.java:140)
	at org.springframework.web.filter.FormContentFilter.doFilterInternal(FormContentFilter.java:93)
	at org.springframework.web.filter.OncePerRequestFilter.doFilter(OncePerRequestFilter.java:116)
	at org.apache.catalina.core.ApplicationFilterChain.internalDoFilter(ApplicationFilterChain.java:164)
	at org.apache.catalina.core.ApplicationFilterChain.doFilter(ApplicationFilterChain.java:140)
	at org.springframework.web.filter.CharacterEncodingFilter.doFilterInternal(CharacterEncodingFilter.java:201)
	at org.springframework.web.filter.OncePerRequestFilter.doFilter(OncePerRequestFilter.java:116)
	at org.apache.catalina.core.ApplicationFilterChain.internalDoFilter(ApplicationFilterChain.java:164)
	at org.apache.catalina.core.ApplicationFilterChain.doFilter(ApplicationFilterChain.java:140)
	at org.apache.catalina.core.StandardWrapperValve.invoke(StandardWrapperValve.java:167)
	at org.apache.catalina.core.StandardContextValve.invoke(StandardContextValve.java:90)
	at org.apache.catalina.authenticator.AuthenticatorBase.invoke(AuthenticatorBase.java:483)
	at org.apache.catalina.core.StandardHostValve.invoke(StandardHostValve.java:115)
	at org.apache.catalina.valves.ErrorReportValve.invoke(ErrorReportValve.java:93)
	at org.apache.catalina.core.StandardEngineValve.invoke(StandardEngineValve.java:74)
	at org.apache.catalina.connector.CoyoteAdapter.service(CoyoteAdapter.java:344)
	at org.apache.coyote.http11.Http11Processor.service(Http11Processor.java:384)
	at org.apache.coyote.AbstractProcessorLight.process(AbstractProcessorLight.java:63)
	at org.apache.coyote.AbstractProtocol$ConnectionHandler.process(AbstractProtocol.java:905)
	at org.apache.tomcat.util.net.NioEndpoint$SocketProcessor.doRun(NioEndpoint.java:1741)
	at org.apache.tomcat.util.net.SocketProcessorBase.run(SocketProcessorBase.java:52)
	at org.apache.tomcat.util.threads.ThreadPoolExecutor.runWorker(ThreadPoolExecutor.java:1190)
	at org.apache.tomcat.util.threads.ThreadPoolExecutor$Worker.run(ThreadPoolExecutor.java:659)
	at org.apache.tomcat.util.threads.TaskThread$WrappingRunnable.run(TaskThread.java:63)
	at java.base/java.lang.Thread.run(Thread.java:840)
2025-12-03 01:23:33.111 [/] DEBUG [http-nio-9100-exec-3] o.s.s.w.a.AnonymousAuthenticationFilter - Set SecurityContextHolder to anonymous SecurityContext
2025-12-03 01:23:33.111 [/] ERROR [http-nio-9100-exec-3] c.p.jwt.config.SecurityConfig - ❌ Error de autenticación (401): Full authentication is required to access this resource - Path: /api/v1/admin/users/1
2025-12-03 01:23:55.499 [/] DEBUG [http-nio-9100-exec-4] o.s.security.web.FilterChainProxy - Securing POST /api/v1/auth/refresh-token
2025-12-03 01:23:55.500 [/] DEBUG [http-nio-9100-exec-4] c.p.j.config.JwtAuthenticationFilter - Processing request: POST /api/v1/auth/refresh-token
2025-12-03 01:23:55.502 [/] DEBUG [http-nio-9100-exec-4] c.p.j.config.JwtAuthenticationFilter - Extracted email from JWT: admin@example.com
2025-12-03 01:23:55.503 [/] DEBUG [http-nio-9100-exec-4] org.hibernate.SQL - select u1_0.id,u1_0.email,u1_0.name,u1_0.password,u1_0.role from _user u1_0 where u1_0.email=?
2025-12-03 01:23:55.504 [/] DEBUG [http-nio-9100-exec-4] c.p.j.config.JwtAuthenticationFilter - Processing refresh token endpoint
2025-12-03 01:23:55.505 [/] DEBUG [http-nio-9100-exec-4] org.hibernate.SQL - select u1_0.id,u1_0.email,u1_0.name,u1_0.password,u1_0.role from _user u1_0 where u1_0.email=?
2025-12-03 01:23:55.508 [/] DEBUG [http-nio-9100-exec-4] c.p.j.config.JwtAuthenticationFilter - Refresh token JWT validity: true
2025-12-03 01:23:55.508 [/] DEBUG [http-nio-9100-exec-4] c.p.j.config.JwtAuthenticationFilter - Authenticating user for refresh token: admin@example.com
2025-12-03 01:23:55.508 [/] DEBUG [http-nio-9100-exec-4] c.p.j.config.JwtAuthenticationFilter - User details class: com.programandoenjava.jwt.user.User
2025-12-03 01:23:55.508 [/] DEBUG [http-nio-9100-exec-4] c.p.j.config.JwtAuthenticationFilter - User authorities before auth: [ROLE_ADMIN, READ, WRITE]
2025-12-03 01:23:55.508 [/] DEBUG [http-nio-9100-exec-4] c.p.j.config.JwtAuthenticationFilter - User role from entity: ADMIN
2025-12-03 01:23:55.509 [/] DEBUG [http-nio-9100-exec-4] c.p.j.config.JwtAuthenticationFilter - User authorities from getAuthorities(): [ROLE_ADMIN, READ, WRITE]
2025-12-03 01:23:55.509 [/] DEBUG [http-nio-9100-exec-4] c.p.j.config.JwtAuthenticationFilter - User admin@example.com authenticated successfully with authorities: [ROLE_ADMIN, READ, WRITE]
2025-12-03 01:23:55.509 [/] DEBUG [http-nio-9100-exec-4] o.s.security.web.FilterChainProxy - Secured POST /api/v1/auth/refresh-token
2025-12-03 01:23:55.510 [/] DEBUG [http-nio-9100-exec-4] o.s.web.servlet.DispatcherServlet - POST "/api/v1/auth/refresh-token", parameters={}
2025-12-03 01:23:55.510 [/] DEBUG [http-nio-9100-exec-4] o.s.w.s.m.m.a.RequestMappingHandlerMapping - Mapped to com.programandoenjava.jwt.auth.controller.AuthController#refreshToken(String)
2025-12-03 01:23:55.510 [/] DEBUG [http-nio-9100-exec-4] c.p.jwt.auth.service.AuthService - Attempting to refresh token
2025-12-03 01:23:55.512 [/] DEBUG [http-nio-9100-exec-4] org.hibernate.SQL - select u1_0.id,u1_0.email,u1_0.name,u1_0.password,u1_0.role from _user u1_0 where u1_0.email=?
2025-12-03 01:23:55.516 [/] DEBUG [http-nio-9100-exec-4] org.hibernate.SQL - select t1_0.id,t1_0.expired,t1_0.revoked,t1_0.token,t1_0.token_category,t1_0.token_type,t1_0.user_id from token t1_0 where t1_0.token=?
2025-12-03 01:23:55.519 [/] DEBUG [http-nio-9100-exec-4] org.hibernate.SQL - update token set expired=?,revoked=?,token=?,token_category=?,token_type=?,user_id=? where id=?
2025-12-03 01:23:55.521 [/] DEBUG [http-nio-9100-exec-4] org.hibernate.SQL - select t1_0.id,t1_0.expired,t1_0.revoked,t1_0.token,t1_0.token_category,t1_0.token_type,t1_0.user_id from token t1_0 join _user u1_0 on t1_0.user_id=u1_0.id where u1_0.id=? and (t1_0.expired=false or t1_0.revoked=false)
2025-12-03 01:23:55.522 [/] DEBUG [http-nio-9100-exec-4] c.p.jwt.auth.service.AuthService - Revoking 1 access tokens for user: admin@example.com
2025-12-03 01:23:55.523 [/] DEBUG [http-nio-9100-exec-4] org.hibernate.SQL - update token set expired=?,revoked=?,token=?,token_category=?,token_type=?,user_id=? where id=?
2025-12-03 01:23:55.526 [/] DEBUG [http-nio-9100-exec-4] org.hibernate.SQL - insert into token (expired,revoked,token,token_category,token_type,user_id,id) values (?,?,?,?,?,?,?)
2025-12-03 01:23:55.526 [/] DEBUG [http-nio-9100-exec-4] c.p.jwt.auth.service.AuthService - ACCESS token saved for user: admin@example.com
2025-12-03 01:23:55.527 [/] DEBUG [http-nio-9100-exec-4] org.hibernate.SQL - insert into token (expired,revoked,token,token_category,token_type,user_id,id) values (?,?,?,?,?,?,?)
2025-12-03 01:23:55.528 [/] DEBUG [http-nio-9100-exec-4] c.p.jwt.auth.service.AuthService - REFRESH token saved for user: admin@example.com
2025-12-03 01:23:55.528 [/] INFO  [http-nio-9100-exec-4] c.p.jwt.auth.service.AuthService - Token refreshed successfully for user: admin@example.com
2025-12-03 01:23:55.529 [/] DEBUG [http-nio-9100-exec-4] o.s.w.s.m.m.a.HttpEntityMethodProcessor - Using 'application/json', given [*/*] and supported [application/json, application/*+json]
2025-12-03 01:23:55.529 [/] DEBUG [http-nio-9100-exec-4] o.s.w.s.m.m.a.HttpEntityMethodProcessor - Writing [TokenResponse[accessToken=eyJ0eXAiOiJKV1QiLCJhbGciOiJIUzI1NiJ9.eyJyb2xlIjoiQURNSU4iLCJhdXRob3JpdGllc (truncated)...]
2025-12-03 01:23:55.531 [/] DEBUG [http-nio-9100-exec-4] o.s.web.servlet.DispatcherServlet - Completed 200 OK
2025-12-03 01:24:07.349 [/] DEBUG [http-nio-9100-exec-2] o.s.security.web.FilterChainProxy - Securing GET /api/v1/editor/content
2025-12-03 01:24:07.349 [/] DEBUG [http-nio-9100-exec-2] c.p.j.config.JwtAuthenticationFilter - Processing request: GET /api/v1/editor/content
2025-12-03 01:24:07.350 [/] DEBUG [http-nio-9100-exec-2] c.p.j.config.JwtAuthenticationFilter - Extracted email from JWT: admin@example.com
2025-12-03 01:24:07.351 [/] DEBUG [http-nio-9100-exec-2] org.hibernate.SQL - select u1_0.id,u1_0.email,u1_0.name,u1_0.password,u1_0.role from _user u1_0 where u1_0.email=?
2025-12-03 01:24:07.352 [/] DEBUG [http-nio-9100-exec-2] c.p.j.config.JwtAuthenticationFilter - Processing regular access token
2025-12-03 01:24:07.353 [/] DEBUG [http-nio-9100-exec-2] org.hibernate.SQL - select t1_0.id,t1_0.expired,t1_0.revoked,t1_0.token,t1_0.token_category,t1_0.token_type,t1_0.user_id from token t1_0 where t1_0.token=?
2025-12-03 01:24:07.354 [/] DEBUG [http-nio-9100-exec-2] c.p.j.config.JwtAuthenticationFilter - Access token validation - Expired: false, Revoked: false
2025-12-03 01:24:07.354 [/] DEBUG [http-nio-9100-exec-2] c.p.j.config.JwtAuthenticationFilter - Access token valid in database: true
2025-12-03 01:24:07.355 [/] DEBUG [http-nio-9100-exec-2] org.hibernate.SQL - select u1_0.id,u1_0.email,u1_0.name,u1_0.password,u1_0.role from _user u1_0 where u1_0.email=?
2025-12-03 01:24:07.357 [/] DEBUG [http-nio-9100-exec-2] c.p.j.config.JwtAuthenticationFilter - Access token JWT signature and expiration valid: true
2025-12-03 01:24:07.357 [/] DEBUG [http-nio-9100-exec-2] c.p.j.config.JwtAuthenticationFilter - 🔍 Iniciando validación de claims requeridos
2025-12-03 01:24:07.357 [/] INFO  [http-nio-9100-exec-2] c.p.j.config.JwtAuthenticationFilter - ✅ Todas las validaciones de claims pasaron exitosamente
2025-12-03 01:24:07.357 [/] DEBUG [http-nio-9100-exec-2] c.p.j.config.JwtAuthenticationFilter - ✅ Todos los claims requeridos son válidos
2025-12-03 01:24:07.357 [/] DEBUG [http-nio-9100-exec-2] c.p.j.config.JwtAuthenticationFilter - Authenticating user with access token: admin@example.com
2025-12-03 01:24:07.357 [/] DEBUG [http-nio-9100-exec-2] c.p.j.config.JwtAuthenticationFilter - User details class: com.programandoenjava.jwt.user.User
2025-12-03 01:24:07.357 [/] DEBUG [http-nio-9100-exec-2] c.p.j.config.JwtAuthenticationFilter - User authorities before auth: [ROLE_ADMIN, READ, WRITE]
2025-12-03 01:24:07.357 [/] DEBUG [http-nio-9100-exec-2] c.p.j.config.JwtAuthenticationFilter - User role from entity: ADMIN
2025-12-03 01:24:07.357 [/] DEBUG [http-nio-9100-exec-2] c.p.j.config.JwtAuthenticationFilter - User authorities from getAuthorities(): [ROLE_ADMIN, READ, WRITE]
2025-12-03 01:24:07.358 [/] DEBUG [http-nio-9100-exec-2] c.p.j.config.JwtAuthenticationFilter - User admin@example.com authenticated successfully with authorities: [ROLE_ADMIN, READ, WRITE]
2025-12-03 01:24:07.359 [/] DEBUG [http-nio-9100-exec-2] o.s.security.web.FilterChainProxy - Secured GET /api/v1/editor/content
2025-12-03 01:24:07.359 [/] DEBUG [http-nio-9100-exec-2] o.s.web.servlet.DispatcherServlet - GET "/api/v1/editor/content", parameters={}
2025-12-03 01:24:07.359 [/] DEBUG [http-nio-9100-exec-2] o.s.w.s.m.m.a.RequestMappingHandlerMapping - Mapped to com.programandoenjava.jwt.controller.EditorController#getContent(Authentication)
2025-12-03 01:24:07.360 [/] DEBUG [http-nio-9100-exec-2] o.s.s.a.m.AuthorizationManagerBeforeMethodInterceptor - Authorizing method invocation ReflectiveMethodInvocation: public org.springframework.http.ResponseEntity com.programandoenjava.jwt.controller.EditorController.getContent(org.springframework.security.core.Authentication); target is of class [com.programandoenjava.jwt.controller.EditorController]
2025-12-03 01:24:07.362 [/] DEBUG [http-nio-9100-exec-2] o.s.s.a.m.AuthorizationManagerBeforeMethodInterceptor - Authorized method invocation ReflectiveMethodInvocation: public org.springframework.http.ResponseEntity com.programandoenjava.jwt.controller.EditorController.getContent(org.springframework.security.core.Authentication); target is of class [com.programandoenjava.jwt.controller.EditorController]
2025-12-03 01:24:07.362 [/] DEBUG [http-nio-9100-exec-2] o.s.w.s.m.m.a.HttpEntityMethodProcessor - Using 'application/json', given [*/*] and supported [application/json, application/*+json]
2025-12-03 01:24:07.362 [/] DEBUG [http-nio-9100-exec-2] o.s.w.s.m.m.a.HttpEntityMethodProcessor - Writing [{data=Content list would be here, message=Content list - ADMIN or EDITOR can access, user=admin@exam (truncated)...]
2025-12-03 01:24:07.363 [/] DEBUG [http-nio-9100-exec-2] o.s.web.servlet.DispatcherServlet - Completed 200 OK
2025-12-03 01:24:37.132 [/] DEBUG [http-nio-9100-exec-7] o.s.security.web.FilterChainProxy - Securing POST /api/v1/auth/register
2025-12-03 01:24:37.132 [/] DEBUG [http-nio-9100-exec-7] c.p.j.config.JwtAuthenticationFilter - Processing request: POST /api/v1/auth/register
2025-12-03 01:24:37.132 [/] DEBUG [http-nio-9100-exec-7] c.p.j.config.JwtAuthenticationFilter - Skipping JWT filter completely for public path: /api/v1/auth/register
2025-12-03 01:24:37.132 [/] DEBUG [http-nio-9100-exec-7] o.s.s.w.a.AnonymousAuthenticationFilter - Set SecurityContextHolder to anonymous SecurityContext
2025-12-03 01:24:37.132 [/] DEBUG [http-nio-9100-exec-7] o.s.security.web.FilterChainProxy - Secured POST /api/v1/auth/register
2025-12-03 01:24:37.132 [/] DEBUG [http-nio-9100-exec-7] o.s.web.servlet.DispatcherServlet - POST "/api/v1/auth/register", parameters={}
2025-12-03 01:24:37.132 [/] DEBUG [http-nio-9100-exec-7] o.s.w.s.m.m.a.RequestMappingHandlerMapping - Mapped to com.programandoenjava.jwt.auth.controller.AuthController#register(RegisterRequest)
2025-12-03 01:24:37.135 [/] DEBUG [http-nio-9100-exec-7] o.s.w.s.m.m.a.RequestResponseBodyMethodProcessor - Read "application/json;charset=UTF-8" to [RegisterRequest[name=Editor User, email=editor@example.com, password=editor123, role=EDITOR]]
2025-12-03 01:24:37.135 [/] DEBUG [http-nio-9100-exec-7] c.p.jwt.auth.service.AuthService - Attempting to register user with email: editor@example.com
2025-12-03 01:24:37.136 [/] DEBUG [http-nio-9100-exec-7] org.hibernate.SQL - select u1_0.id,u1_0.email,u1_0.name,u1_0.password,u1_0.role from _user u1_0 where u1_0.email=?
2025-12-03 01:24:37.236 [/] DEBUG [http-nio-9100-exec-7] c.p.jwt.auth.service.AuthService - Saving new user: editor@example.com
2025-12-03 01:24:37.236 [/] DEBUG [http-nio-9100-exec-7] org.hibernate.SQL - insert into _user (email,name,password,role,id) values (?,?,?,?,default)
2025-12-03 01:24:37.242 [/] DEBUG [http-nio-9100-exec-7] org.hibernate.SQL - insert into token (expired,revoked,token,token_category,token_type,user_id,id) values (?,?,?,?,?,?,?)
2025-12-03 01:24:37.242 [/] DEBUG [http-nio-9100-exec-7] c.p.jwt.auth.service.AuthService - ACCESS token saved for user: editor@example.com
2025-12-03 01:24:37.242 [/] DEBUG [http-nio-9100-exec-7] org.hibernate.SQL - insert into token (expired,revoked,token,token_category,token_type,user_id,id) values (?,?,?,?,?,?,?)
2025-12-03 01:24:37.245 [/] DEBUG [http-nio-9100-exec-7] c.p.jwt.auth.service.AuthService - REFRESH token saved for user: editor@example.com
2025-12-03 01:24:37.245 [/] INFO  [http-nio-9100-exec-7] c.p.jwt.auth.service.AuthService - User registered successfully: editor@example.com
2025-12-03 01:24:37.245 [/] DEBUG [http-nio-9100-exec-7] o.s.w.s.m.m.a.HttpEntityMethodProcessor - Using 'application/json', given [*/*] and supported [application/json, application/*+json]
2025-12-03 01:24:37.245 [/] DEBUG [http-nio-9100-exec-7] o.s.w.s.m.m.a.HttpEntityMethodProcessor - Writing [TokenResponse[accessToken=eyJ0eXAiOiJKV1QiLCJhbGciOiJIUzI1NiJ9.eyJyb2xlIjoiRURJVE9SIiwiYXV0aG9yaXRpZ (truncated)...]
2025-12-03 01:24:37.248 [/] DEBUG [http-nio-9100-exec-7] o.s.web.servlet.DispatcherServlet - Completed 200 OK
2025-12-03 01:25:28.472 [/] DEBUG [http-nio-9100-exec-6] o.s.security.web.FilterChainProxy - Securing POST /h2-console/query.do?jsessionid=450cbb6b271b8235f9b92a3add7c22e0
2025-12-03 01:25:28.472 [/] DEBUG [http-nio-9100-exec-6] c.p.j.config.JwtAuthenticationFilter - Processing request: POST /h2-console/query.do
2025-12-03 01:25:28.472 [/] DEBUG [http-nio-9100-exec-6] c.p.j.config.JwtAuthenticationFilter - Skipping JWT filter completely for public path: /h2-console
2025-12-03 01:25:28.472 [/] DEBUG [http-nio-9100-exec-6] o.s.s.w.a.AnonymousAuthenticationFilter - Set SecurityContextHolder to anonymous SecurityContext
2025-12-03 01:25:28.472 [/] DEBUG [http-nio-9100-exec-6] o.s.security.web.FilterChainProxy - Secured POST /h2-console/query.do?jsessionid=450cbb6b271b8235f9b92a3add7c22e0
2025-12-03 01:25:28.514 [/] DEBUG [http-nio-9100-exec-5] o.s.security.web.FilterChainProxy - Securing GET /h2-console/stylesheet.css
2025-12-03 01:25:28.518 [/] DEBUG [http-nio-9100-exec-5] c.p.j.config.JwtAuthenticationFilter - Processing request: GET /h2-console/stylesheet.css
2025-12-03 01:25:28.518 [/] DEBUG [http-nio-9100-exec-5] c.p.j.config.JwtAuthenticationFilter - Skipping JWT filter completely for public path: /h2-console
2025-12-03 01:25:28.518 [/] DEBUG [http-nio-9100-exec-5] o.s.s.w.a.AnonymousAuthenticationFilter - Set SecurityContextHolder to anonymous SecurityContext
2025-12-03 01:25:28.518 [/] DEBUG [http-nio-9100-exec-5] o.s.security.web.FilterChainProxy - Secured GET /h2-console/stylesheet.css
2025-12-03 01:25:28.538 [/] DEBUG [http-nio-9100-exec-8] o.s.security.web.FilterChainProxy - Securing GET /h2-console/login.jsp?jsessionid=def430ab8c1e32df73bdfcfb8b4756ed
2025-12-03 01:25:28.544 [/] DEBUG [http-nio-9100-exec-8] c.p.j.config.JwtAuthenticationFilter - Processing request: GET /h2-console/login.jsp
2025-12-03 01:25:28.544 [/] DEBUG [http-nio-9100-exec-8] c.p.j.config.JwtAuthenticationFilter - Skipping JWT filter completely for public path: /h2-console
2025-12-03 01:25:28.544 [/] DEBUG [http-nio-9100-exec-8] o.s.s.w.a.AnonymousAuthenticationFilter - Set SecurityContextHolder to anonymous SecurityContext
2025-12-03 01:25:28.545 [/] DEBUG [http-nio-9100-exec-8] o.s.security.web.FilterChainProxy - Secured GET /h2-console/login.jsp?jsessionid=def430ab8c1e32df73bdfcfb8b4756ed
2025-12-03 01:25:28.582 [/] DEBUG [http-nio-9100-exec-9] o.s.security.web.FilterChainProxy - Securing GET /h2-console/login.jsp
2025-12-03 01:25:28.582 [/] DEBUG [http-nio-9100-exec-9] c.p.j.config.JwtAuthenticationFilter - Processing request: GET /h2-console/login.jsp
2025-12-03 01:25:28.582 [/] DEBUG [http-nio-9100-exec-9] c.p.j.config.JwtAuthenticationFilter - Skipping JWT filter completely for public path: /h2-console
2025-12-03 01:25:28.582 [/] DEBUG [http-nio-9100-exec-9] o.s.s.w.a.AnonymousAuthenticationFilter - Set SecurityContextHolder to anonymous SecurityContext
2025-12-03 01:25:28.582 [/] DEBUG [http-nio-9100-exec-9] o.s.security.web.FilterChainProxy - Secured GET /h2-console/login.jsp
2025-12-03 01:25:28.661 [/] DEBUG [http-nio-9100-exec-10] o.s.security.web.FilterChainProxy - Securing GET /h2-console/login.jsp?jsessionid=585d541e9379970fdfe0faf361762082
2025-12-03 01:25:28.661 [/] DEBUG [http-nio-9100-exec-10] c.p.j.config.JwtAuthenticationFilter - Processing request: GET /h2-console/login.jsp
2025-12-03 01:25:28.661 [/] DEBUG [http-nio-9100-exec-10] c.p.j.config.JwtAuthenticationFilter - Skipping JWT filter completely for public path: /h2-console
2025-12-03 01:25:28.661 [/] DEBUG [http-nio-9100-exec-10] o.s.s.w.a.AnonymousAuthenticationFilter - Set SecurityContextHolder to anonymous SecurityContext
2025-12-03 01:25:28.661 [/] DEBUG [http-nio-9100-exec-10] o.s.security.web.FilterChainProxy - Secured GET /h2-console/login.jsp?jsessionid=585d541e9379970fdfe0faf361762082
2025-12-03 01:25:28.725 [/] DEBUG [http-nio-9100-exec-1] o.s.security.web.FilterChainProxy - Securing GET /h2-console/background.gif
2025-12-03 01:25:28.725 [/] DEBUG [http-nio-9100-exec-1] c.p.j.config.JwtAuthenticationFilter - Processing request: GET /h2-console/background.gif
2025-12-03 01:25:28.725 [/] DEBUG [http-nio-9100-exec-1] c.p.j.config.JwtAuthenticationFilter - Skipping JWT filter completely for public path: /h2-console
2025-12-03 01:25:28.725 [/] DEBUG [http-nio-9100-exec-1] o.s.s.w.a.AnonymousAuthenticationFilter - Set SecurityContextHolder to anonymous SecurityContext
2025-12-03 01:25:28.725 [/] DEBUG [http-nio-9100-exec-1] o.s.security.web.FilterChainProxy - Secured GET /h2-console/background.gif
2025-12-03 01:25:28.751 [/] DEBUG [http-nio-9100-exec-3] o.s.security.web.FilterChainProxy - Securing GET /favicon.ico
2025-12-03 01:25:28.751 [/] DEBUG [http-nio-9100-exec-3] c.p.j.config.JwtAuthenticationFilter - Processing request: GET /favicon.ico
2025-12-03 01:25:28.751 [/] DEBUG [http-nio-9100-exec-3] c.p.j.config.JwtAuthenticationFilter - No valid Authorization header found for: /favicon.ico
2025-12-03 01:25:28.751 [/] DEBUG [http-nio-9100-exec-3] o.s.s.w.a.AnonymousAuthenticationFilter - Set SecurityContextHolder to anonymous SecurityContext
2025-12-03 01:25:28.751 [/] ERROR [http-nio-9100-exec-3] c.p.jwt.config.SecurityConfig - ❌ Error de autenticación (401): Full authentication is required to access this resource - Path: /favicon.ico
2025-12-03 01:25:36.106 [/] DEBUG [http-nio-9100-exec-4] o.s.security.web.FilterChainProxy - Securing POST /h2-console/login.do?jsessionid=585d541e9379970fdfe0faf361762082
2025-12-03 01:25:36.108 [/] DEBUG [http-nio-9100-exec-4] c.p.j.config.JwtAuthenticationFilter - Processing request: POST /h2-console/login.do
2025-12-03 01:25:36.108 [/] DEBUG [http-nio-9100-exec-4] c.p.j.config.JwtAuthenticationFilter - Skipping JWT filter completely for public path: /h2-console
2025-12-03 01:25:36.108 [/] DEBUG [http-nio-9100-exec-4] o.s.s.w.a.AnonymousAuthenticationFilter - Set SecurityContextHolder to anonymous SecurityContext
2025-12-03 01:25:36.108 [/] DEBUG [http-nio-9100-exec-4] o.s.security.web.FilterChainProxy - Secured POST /h2-console/login.do?jsessionid=585d541e9379970fdfe0faf361762082
2025-12-03 01:25:36.232 [/] DEBUG [http-nio-9100-exec-2] o.s.security.web.FilterChainProxy - Securing GET /h2-console/header.jsp?jsessionid=585d541e9379970fdfe0faf361762082
2025-12-03 01:25:36.232 [/] DEBUG [http-nio-9100-exec-2] c.p.j.config.JwtAuthenticationFilter - Processing request: GET /h2-console/header.jsp
2025-12-03 01:25:36.232 [/] DEBUG [http-nio-9100-exec-2] c.p.j.config.JwtAuthenticationFilter - Skipping JWT filter completely for public path: /h2-console
2025-12-03 01:25:36.232 [/] DEBUG [http-nio-9100-exec-2] o.s.s.w.a.AnonymousAuthenticationFilter - Set SecurityContextHolder to anonymous SecurityContext
2025-12-03 01:25:36.234 [/] DEBUG [http-nio-9100-exec-2] o.s.security.web.FilterChainProxy - Secured GET /h2-console/header.jsp?jsessionid=585d541e9379970fdfe0faf361762082
2025-12-03 01:25:36.235 [/] DEBUG [http-nio-9100-exec-7] o.s.security.web.FilterChainProxy - Securing GET /h2-console/tables.do?jsessionid=585d541e9379970fdfe0faf361762082
2025-12-03 01:25:36.235 [/] DEBUG [http-nio-9100-exec-7] c.p.j.config.JwtAuthenticationFilter - Processing request: GET /h2-console/tables.do
2025-12-03 01:25:36.235 [/] DEBUG [http-nio-9100-exec-7] c.p.j.config.JwtAuthenticationFilter - Skipping JWT filter completely for public path: /h2-console
2025-12-03 01:25:36.235 [/] DEBUG [http-nio-9100-exec-7] o.s.s.w.a.AnonymousAuthenticationFilter - Set SecurityContextHolder to anonymous SecurityContext
2025-12-03 01:25:36.235 [/] DEBUG [http-nio-9100-exec-7] o.s.security.web.FilterChainProxy - Secured GET /h2-console/tables.do?jsessionid=585d541e9379970fdfe0faf361762082
2025-12-03 01:25:36.235 [/] DEBUG [http-nio-9100-exec-6] o.s.security.web.FilterChainProxy - Securing GET /h2-console/query.jsp?jsessionid=585d541e9379970fdfe0faf361762082
2025-12-03 01:25:36.237 [/] DEBUG [http-nio-9100-exec-6] c.p.j.config.JwtAuthenticationFilter - Processing request: GET /h2-console/query.jsp
2025-12-03 01:25:36.237 [/] DEBUG [http-nio-9100-exec-6] c.p.j.config.JwtAuthenticationFilter - Skipping JWT filter completely for public path: /h2-console
2025-12-03 01:25:36.238 [/] DEBUG [http-nio-9100-exec-6] o.s.s.w.a.AnonymousAuthenticationFilter - Set SecurityContextHolder to anonymous SecurityContext
2025-12-03 01:25:36.235 [/] DEBUG [http-nio-9100-exec-5] o.s.security.web.FilterChainProxy - Securing GET /h2-console/help.jsp?jsessionid=585d541e9379970fdfe0faf361762082
2025-12-03 01:25:36.238 [/] DEBUG [http-nio-9100-exec-6] o.s.security.web.FilterChainProxy - Secured GET /h2-console/query.jsp?jsessionid=585d541e9379970fdfe0faf361762082
2025-12-03 01:25:36.238 [/] DEBUG [http-nio-9100-exec-5] c.p.j.config.JwtAuthenticationFilter - Processing request: GET /h2-console/help.jsp
2025-12-03 01:25:36.238 [/] DEBUG [http-nio-9100-exec-5] c.p.j.config.JwtAuthenticationFilter - Skipping JWT filter completely for public path: /h2-console
2025-12-03 01:25:36.238 [/] DEBUG [http-nio-9100-exec-5] o.s.s.w.a.AnonymousAuthenticationFilter - Set SecurityContextHolder to anonymous SecurityContext
2025-12-03 01:25:36.238 [/] DEBUG [http-nio-9100-exec-5] o.s.security.web.FilterChainProxy - Secured GET /h2-console/help.jsp?jsessionid=585d541e9379970fdfe0faf361762082
2025-12-03 01:25:36.244 [/] DEBUG [http-nio-9100-exec-8] o.s.security.web.FilterChainProxy - Securing GET /favicon.ico
2025-12-03 01:25:36.244 [/] DEBUG [http-nio-9100-exec-8] c.p.j.config.JwtAuthenticationFilter - Processing request: GET /favicon.ico
2025-12-03 01:25:36.244 [/] DEBUG [http-nio-9100-exec-8] c.p.j.config.JwtAuthenticationFilter - No valid Authorization header found for: /favicon.ico
2025-12-03 01:25:36.244 [/] DEBUG [http-nio-9100-exec-8] o.s.s.w.a.AnonymousAuthenticationFilter - Set SecurityContextHolder to anonymous SecurityContext
2025-12-03 01:25:36.246 [/] ERROR [http-nio-9100-exec-8] c.p.jwt.config.SecurityConfig - ❌ Error de autenticación (401): Full authentication is required to access this resource - Path: /favicon.ico
2025-12-03 01:25:36.354 [/] DEBUG [http-nio-9100-exec-10] o.s.security.web.FilterChainProxy - Securing GET /h2-console/icon_history.gif
2025-12-03 01:25:36.354 [/] DEBUG [http-nio-9100-exec-9] o.s.security.web.FilterChainProxy - Securing GET /h2-console/icon_stop.gif
2025-12-03 01:25:36.355 [/] DEBUG [http-nio-9100-exec-1] o.s.security.web.FilterChainProxy - Securing GET /h2-console/icon_help.gif
2025-12-03 01:25:36.355 [/] DEBUG [http-nio-9100-exec-9] c.p.j.config.JwtAuthenticationFilter - Processing request: GET /h2-console/icon_stop.gif
2025-12-03 01:25:36.355 [/] DEBUG [http-nio-9100-exec-10] c.p.j.config.JwtAuthenticationFilter - Processing request: GET /h2-console/icon_history.gif
2025-12-03 01:25:36.355 [/] DEBUG [http-nio-9100-exec-9] c.p.j.config.JwtAuthenticationFilter - Skipping JWT filter completely for public path: /h2-console
2025-12-03 01:25:36.355 [/] DEBUG [http-nio-9100-exec-1] c.p.j.config.JwtAuthenticationFilter - Processing request: GET /h2-console/icon_help.gif
2025-12-03 01:25:36.355 [/] DEBUG [http-nio-9100-exec-10] c.p.j.config.JwtAuthenticationFilter - Skipping JWT filter completely for public path: /h2-console
2025-12-03 01:25:36.355 [/] DEBUG [http-nio-9100-exec-9] o.s.s.w.a.AnonymousAuthenticationFilter - Set SecurityContextHolder to anonymous SecurityContext
2025-12-03 01:25:36.355 [/] DEBUG [http-nio-9100-exec-1] c.p.j.config.JwtAuthenticationFilter - Skipping JWT filter completely for public path: /h2-console
2025-12-03 01:25:36.355 [/] DEBUG [http-nio-9100-exec-10] o.s.s.w.a.AnonymousAuthenticationFilter - Set SecurityContextHolder to anonymous SecurityContext
2025-12-03 01:25:36.355 [/] DEBUG [http-nio-9100-exec-1] o.s.s.w.a.AnonymousAuthenticationFilter - Set SecurityContextHolder to anonymous SecurityContext
2025-12-03 01:25:36.356 [/] DEBUG [http-nio-9100-exec-9] o.s.security.web.FilterChainProxy - Secured GET /h2-console/icon_stop.gif
2025-12-03 01:25:36.356 [/] DEBUG [http-nio-9100-exec-1] o.s.security.web.FilterChainProxy - Secured GET /h2-console/icon_help.gif
2025-12-03 01:25:36.356 [/] DEBUG [http-nio-9100-exec-10] o.s.security.web.FilterChainProxy - Secured GET /h2-console/icon_history.gif
2025-12-03 01:25:36.364 [/] DEBUG [http-nio-9100-exec-3] o.s.security.web.FilterChainProxy - Securing GET /h2-console/icon_disconnect.gif
2025-12-03 01:25:36.364 [/] DEBUG [http-nio-9100-exec-3] c.p.j.config.JwtAuthenticationFilter - Processing request: GET /h2-console/icon_disconnect.gif
2025-12-03 01:25:36.364 [/] DEBUG [http-nio-9100-exec-3] c.p.j.config.JwtAuthenticationFilter - Skipping JWT filter completely for public path: /h2-console
2025-12-03 01:25:36.366 [/] DEBUG [http-nio-9100-exec-3] o.s.s.w.a.AnonymousAuthenticationFilter - Set SecurityContextHolder to anonymous SecurityContext
2025-12-03 01:25:36.366 [/] DEBUG [http-nio-9100-exec-3] o.s.security.web.FilterChainProxy - Secured GET /h2-console/icon_disconnect.gif
2025-12-03 01:25:36.378 [/] DEBUG [http-nio-9100-exec-5] o.s.security.web.FilterChainProxy - Securing GET /h2-console/icon_rollback.gif
2025-12-03 01:25:36.378 [/] DEBUG [http-nio-9100-exec-4] o.s.security.web.FilterChainProxy - Securing GET /h2-console/icon_line.gif
2025-12-03 01:25:36.378 [/] DEBUG [http-nio-9100-exec-6] o.s.security.web.FilterChainProxy - Securing GET /h2-console/icon_commit.gif
2025-12-03 01:25:36.378 [/] DEBUG [http-nio-9100-exec-6] c.p.j.config.JwtAuthenticationFilter - Processing request: GET /h2-console/icon_commit.gif
2025-12-03 01:25:36.378 [/] DEBUG [http-nio-9100-exec-6] c.p.j.config.JwtAuthenticationFilter - Skipping JWT filter completely for public path: /h2-console
2025-12-03 01:25:36.378 [/] DEBUG [http-nio-9100-exec-5] c.p.j.config.JwtAuthenticationFilter - Processing request: GET /h2-console/icon_rollback.gif
2025-12-03 01:25:36.378 [/] DEBUG [http-nio-9100-exec-5] c.p.j.config.JwtAuthenticationFilter - Skipping JWT filter completely for public path: /h2-console
2025-12-03 01:25:36.378 [/] DEBUG [http-nio-9100-exec-6] o.s.s.w.a.AnonymousAuthenticationFilter - Set SecurityContextHolder to anonymous SecurityContext
2025-12-03 01:25:36.378 [/] DEBUG [http-nio-9100-exec-5] o.s.s.w.a.AnonymousAuthenticationFilter - Set SecurityContextHolder to anonymous SecurityContext
2025-12-03 01:25:36.380 [/] DEBUG [http-nio-9100-exec-6] o.s.security.web.FilterChainProxy - Secured GET /h2-console/icon_commit.gif
2025-12-03 01:25:36.378 [/] DEBUG [http-nio-9100-exec-4] c.p.j.config.JwtAuthenticationFilter - Processing request: GET /h2-console/icon_line.gif
2025-12-03 01:25:36.380 [/] DEBUG [http-nio-9100-exec-5] o.s.security.web.FilterChainProxy - Secured GET /h2-console/icon_rollback.gif
2025-12-03 01:25:36.380 [/] DEBUG [http-nio-9100-exec-2] o.s.security.web.FilterChainProxy - Securing GET /h2-console/icon_refresh.gif
2025-12-03 01:25:36.381 [/] DEBUG [http-nio-9100-exec-4] c.p.j.config.JwtAuthenticationFilter - Skipping JWT filter completely for public path: /h2-console
2025-12-03 01:25:36.381 [/] DEBUG [http-nio-9100-exec-4] o.s.s.w.a.AnonymousAuthenticationFilter - Set SecurityContextHolder to anonymous SecurityContext
2025-12-03 01:25:36.381 [/] DEBUG [http-nio-9100-exec-2] c.p.j.config.JwtAuthenticationFilter - Processing request: GET /h2-console/icon_refresh.gif
2025-12-03 01:25:36.381 [/] DEBUG [http-nio-9100-exec-2] c.p.j.config.JwtAuthenticationFilter - Skipping JWT filter completely for public path: /h2-console
2025-12-03 01:25:36.381 [/] DEBUG [http-nio-9100-exec-2] o.s.s.w.a.AnonymousAuthenticationFilter - Set SecurityContextHolder to anonymous SecurityContext
2025-12-03 01:25:36.381 [/] DEBUG [http-nio-9100-exec-4] o.s.security.web.FilterChainProxy - Secured GET /h2-console/icon_line.gif
2025-12-03 01:25:36.381 [/] DEBUG [http-nio-9100-exec-2] o.s.security.web.FilterChainProxy - Secured GET /h2-console/icon_refresh.gif
2025-12-03 01:25:36.383 [/] DEBUG [http-nio-9100-exec-8] o.s.security.web.FilterChainProxy - Securing GET /h2-console/icon_run.gif
2025-12-03 01:25:36.385 [/] DEBUG [http-nio-9100-exec-8] c.p.j.config.JwtAuthenticationFilter - Processing request: GET /h2-console/icon_run.gif
2025-12-03 01:25:36.385 [/] DEBUG [http-nio-9100-exec-8] c.p.j.config.JwtAuthenticationFilter - Skipping JWT filter completely for public path: /h2-console
2025-12-03 01:25:36.385 [/] DEBUG [http-nio-9100-exec-1] o.s.security.web.FilterChainProxy - Securing GET /h2-console/icon_run_selected.gif
2025-12-03 01:25:36.385 [/] DEBUG [http-nio-9100-exec-8] o.s.s.w.a.AnonymousAuthenticationFilter - Set SecurityContextHolder to anonymous SecurityContext
2025-12-03 01:25:36.385 [/] DEBUG [http-nio-9100-exec-1] c.p.j.config.JwtAuthenticationFilter - Processing request: GET /h2-console/icon_run_selected.gif
2025-12-03 01:25:36.385 [/] DEBUG [http-nio-9100-exec-1] c.p.j.config.JwtAuthenticationFilter - Skipping JWT filter completely for public path: /h2-console
2025-12-03 01:25:36.385 [/] DEBUG [http-nio-9100-exec-1] o.s.s.w.a.AnonymousAuthenticationFilter - Set SecurityContextHolder to anonymous SecurityContext
2025-12-03 01:25:36.385 [/] DEBUG [http-nio-9100-exec-1] o.s.security.web.FilterChainProxy - Secured GET /h2-console/icon_run_selected.gif
2025-12-03 01:25:36.385 [/] DEBUG [http-nio-9100-exec-8] o.s.security.web.FilterChainProxy - Secured GET /h2-console/icon_run.gif
2025-12-03 01:25:36.414 [/] DEBUG [http-nio-9100-exec-10] o.s.security.web.FilterChainProxy - Securing GET /h2-console/tree.js
2025-12-03 01:25:36.414 [/] DEBUG [http-nio-9100-exec-10] c.p.j.config.JwtAuthenticationFilter - Processing request: GET /h2-console/tree.js
2025-12-03 01:25:36.414 [/] DEBUG [http-nio-9100-exec-10] c.p.j.config.JwtAuthenticationFilter - Skipping JWT filter completely for public path: /h2-console
2025-12-03 01:25:36.418 [/] DEBUG [http-nio-9100-exec-10] o.s.s.w.a.AnonymousAuthenticationFilter - Set SecurityContextHolder to anonymous SecurityContext
2025-12-03 01:25:36.418 [/] DEBUG [http-nio-9100-exec-10] o.s.security.web.FilterChainProxy - Secured GET /h2-console/tree.js
2025-12-03 01:25:36.466 [/] DEBUG [http-nio-9100-exec-9] o.s.security.web.FilterChainProxy - Securing GET /h2-console/tree_minus.gif
2025-12-03 01:25:36.466 [/] DEBUG [http-nio-9100-exec-6] o.s.security.web.FilterChainProxy - Securing GET /h2-console/tree_database.gif
2025-12-03 01:25:36.466 [/] DEBUG [http-nio-9100-exec-3] o.s.security.web.FilterChainProxy - Securing GET /h2-console/tree_plus.gif
2025-12-03 01:25:36.466 [/] DEBUG [http-nio-9100-exec-5] o.s.security.web.FilterChainProxy - Securing GET /h2-console/tree_table.gif
2025-12-03 01:25:36.467 [/] DEBUG [http-nio-9100-exec-3] c.p.j.config.JwtAuthenticationFilter - Processing request: GET /h2-console/tree_plus.gif
2025-12-03 01:25:36.467 [/] DEBUG [http-nio-9100-exec-6] c.p.j.config.JwtAuthenticationFilter - Processing request: GET /h2-console/tree_database.gif
2025-12-03 01:25:36.467 [/] DEBUG [http-nio-9100-exec-3] c.p.j.config.JwtAuthenticationFilter - Skipping JWT filter completely for public path: /h2-console
2025-12-03 01:25:36.467 [/] DEBUG [http-nio-9100-exec-6] c.p.j.config.JwtAuthenticationFilter - Skipping JWT filter completely for public path: /h2-console
2025-12-03 01:25:36.467 [/] DEBUG [http-nio-9100-exec-2] o.s.security.web.FilterChainProxy - Securing GET /h2-console/tree_empty.gif
2025-12-03 01:25:36.467 [/] DEBUG [http-nio-9100-exec-4] o.s.security.web.FilterChainProxy - Securing GET /h2-console/tree_column.gif
2025-12-03 01:25:36.467 [/] DEBUG [http-nio-9100-exec-9] c.p.j.config.JwtAuthenticationFilter - Processing request: GET /h2-console/tree_minus.gif
2025-12-03 01:25:36.467 [/] DEBUG [http-nio-9100-exec-2] c.p.j.config.JwtAuthenticationFilter - Processing request: GET /h2-console/tree_empty.gif
2025-12-03 01:25:36.468 [/] DEBUG [http-nio-9100-exec-9] c.p.j.config.JwtAuthenticationFilter - Skipping JWT filter completely for public path: /h2-console
2025-12-03 01:25:36.468 [/] DEBUG [http-nio-9100-exec-2] c.p.j.config.JwtAuthenticationFilter - Skipping JWT filter completely for public path: /h2-console
2025-12-03 01:25:36.468 [/] DEBUG [http-nio-9100-exec-9] o.s.s.w.a.AnonymousAuthenticationFilter - Set SecurityContextHolder to anonymous SecurityContext
2025-12-03 01:25:36.468 [/] DEBUG [http-nio-9100-exec-2] o.s.s.w.a.AnonymousAuthenticationFilter - Set SecurityContextHolder to anonymous SecurityContext
2025-12-03 01:25:36.467 [/] DEBUG [http-nio-9100-exec-5] c.p.j.config.JwtAuthenticationFilter - Processing request: GET /h2-console/tree_table.gif
2025-12-03 01:25:36.467 [/] DEBUG [http-nio-9100-exec-6] o.s.s.w.a.AnonymousAuthenticationFilter - Set SecurityContextHolder to anonymous SecurityContext
2025-12-03 01:25:36.468 [/] DEBUG [http-nio-9100-exec-4] c.p.j.config.JwtAuthenticationFilter - Processing request: GET /h2-console/tree_column.gif
2025-12-03 01:25:36.468 [/] DEBUG [http-nio-9100-exec-5] c.p.j.config.JwtAuthenticationFilter - Skipping JWT filter completely for public path: /h2-console
2025-12-03 01:25:36.468 [/] DEBUG [http-nio-9100-exec-5] o.s.s.w.a.AnonymousAuthenticationFilter - Set SecurityContextHolder to anonymous SecurityContext
2025-12-03 01:25:36.468 [/] DEBUG [http-nio-9100-exec-9] o.s.security.web.FilterChainProxy - Secured GET /h2-console/tree_minus.gif
2025-12-03 01:25:36.468 [/] DEBUG [http-nio-9100-exec-6] o.s.security.web.FilterChainProxy - Secured GET /h2-console/tree_database.gif
2025-12-03 01:25:36.468 [/] DEBUG [http-nio-9100-exec-4] c.p.j.config.JwtAuthenticationFilter - Skipping JWT filter completely for public path: /h2-console
2025-12-03 01:25:36.469 [/] DEBUG [http-nio-9100-exec-3] o.s.s.w.a.AnonymousAuthenticationFilter - Set SecurityContextHolder to anonymous SecurityContext
2025-12-03 01:25:36.469 [/] DEBUG [http-nio-9100-exec-2] o.s.security.web.FilterChainProxy - Secured GET /h2-console/tree_empty.gif
2025-12-03 01:25:36.469 [/] DEBUG [http-nio-9100-exec-5] o.s.security.web.FilterChainProxy - Secured GET /h2-console/tree_table.gif
2025-12-03 01:25:36.469 [/] DEBUG [http-nio-9100-exec-3] o.s.security.web.FilterChainProxy - Secured GET /h2-console/tree_plus.gif
2025-12-03 01:25:36.469 [/] DEBUG [http-nio-9100-exec-4] o.s.s.w.a.AnonymousAuthenticationFilter - Set SecurityContextHolder to anonymous SecurityContext
2025-12-03 01:25:36.469 [/] DEBUG [http-nio-9100-exec-4] o.s.security.web.FilterChainProxy - Secured GET /h2-console/tree_column.gif
2025-12-03 01:25:36.474 [/] DEBUG [http-nio-9100-exec-8] o.s.security.web.FilterChainProxy - Securing GET /h2-console/tree_index_az.gif
2025-12-03 01:25:36.475 [/] DEBUG [http-nio-9100-exec-8] c.p.j.config.JwtAuthenticationFilter - Processing request: GET /h2-console/tree_index_az.gif
2025-12-03 01:25:36.475 [/] DEBUG [http-nio-9100-exec-1] o.s.security.web.FilterChainProxy - Securing GET /h2-console/tree_type.gif
2025-12-03 01:25:36.475 [/] DEBUG [http-nio-9100-exec-8] c.p.j.config.JwtAuthenticationFilter - Skipping JWT filter completely for public path: /h2-console
2025-12-03 01:25:36.475 [/] DEBUG [http-nio-9100-exec-8] o.s.s.w.a.AnonymousAuthenticationFilter - Set SecurityContextHolder to anonymous SecurityContext
2025-12-03 01:25:36.475 [/] DEBUG [http-nio-9100-exec-1] c.p.j.config.JwtAuthenticationFilter - Processing request: GET /h2-console/tree_type.gif
2025-12-03 01:25:36.476 [/] DEBUG [http-nio-9100-exec-1] c.p.j.config.JwtAuthenticationFilter - Skipping JWT filter completely for public path: /h2-console
2025-12-03 01:25:36.476 [/] DEBUG [http-nio-9100-exec-1] o.s.s.w.a.AnonymousAuthenticationFilter - Set SecurityContextHolder to anonymous SecurityContext
2025-12-03 01:25:36.476 [/] DEBUG [http-nio-9100-exec-8] o.s.security.web.FilterChainProxy - Secured GET /h2-console/tree_index_az.gif
2025-12-03 01:25:36.476 [/] DEBUG [http-nio-9100-exec-1] o.s.security.web.FilterChainProxy - Secured GET /h2-console/tree_type.gif
2025-12-03 01:25:36.481 [/] DEBUG [http-nio-9100-exec-7] o.s.security.web.FilterChainProxy - Securing GET /h2-console/tree_index.gif
2025-12-03 01:25:36.481 [/] DEBUG [http-nio-9100-exec-7] c.p.j.config.JwtAuthenticationFilter - Processing request: GET /h2-console/tree_index.gif
2025-12-03 01:25:36.481 [/] DEBUG [http-nio-9100-exec-7] c.p.j.config.JwtAuthenticationFilter - Skipping JWT filter completely for public path: /h2-console
2025-12-03 01:25:36.481 [/] DEBUG [http-nio-9100-exec-7] o.s.s.w.a.AnonymousAuthenticationFilter - Set SecurityContextHolder to anonymous SecurityContext
2025-12-03 01:25:36.482 [/] DEBUG [http-nio-9100-exec-7] o.s.security.web.FilterChainProxy - Secured GET /h2-console/tree_index.gif
2025-12-03 01:25:36.486 [/] DEBUG [http-nio-9100-exec-10] o.s.security.web.FilterChainProxy - Securing GET /h2-console/tree_view.gif
2025-12-03 01:25:36.486 [/] DEBUG [http-nio-9100-exec-10] c.p.j.config.JwtAuthenticationFilter - Processing request: GET /h2-console/tree_view.gif
2025-12-03 01:25:36.486 [/] DEBUG [http-nio-9100-exec-10] c.p.j.config.JwtAuthenticationFilter - Skipping JWT filter completely for public path: /h2-console
2025-12-03 01:25:36.486 [/] DEBUG [http-nio-9100-exec-10] o.s.s.w.a.AnonymousAuthenticationFilter - Set SecurityContextHolder to anonymous SecurityContext
2025-12-03 01:25:36.488 [/] DEBUG [http-nio-9100-exec-10] o.s.security.web.FilterChainProxy - Secured GET /h2-console/tree_view.gif
2025-12-03 01:25:36.492 [/] DEBUG [http-nio-9100-exec-9] o.s.security.web.FilterChainProxy - Securing GET /h2-console/tree_folder.gif
2025-12-03 01:25:36.492 [/] DEBUG [http-nio-9100-exec-9] c.p.j.config.JwtAuthenticationFilter - Processing request: GET /h2-console/tree_folder.gif
2025-12-03 01:25:36.493 [/] DEBUG [http-nio-9100-exec-9] c.p.j.config.JwtAuthenticationFilter - Skipping JWT filter completely for public path: /h2-console
2025-12-03 01:25:36.493 [/] DEBUG [http-nio-9100-exec-9] o.s.s.w.a.AnonymousAuthenticationFilter - Set SecurityContextHolder to anonymous SecurityContext
2025-12-03 01:25:36.493 [/] DEBUG [http-nio-9100-exec-9] o.s.security.web.FilterChainProxy - Secured GET /h2-console/tree_folder.gif
2025-12-03 01:25:36.498 [/] DEBUG [http-nio-9100-exec-6] o.s.security.web.FilterChainProxy - Securing GET /h2-console/tree_sequence.gif
2025-12-03 01:25:36.498 [/] DEBUG [http-nio-9100-exec-6] c.p.j.config.JwtAuthenticationFilter - Processing request: GET /h2-console/tree_sequence.gif
2025-12-03 01:25:36.498 [/] DEBUG [http-nio-9100-exec-6] c.p.j.config.JwtAuthenticationFilter - Skipping JWT filter completely for public path: /h2-console
2025-12-03 01:25:36.499 [/] DEBUG [http-nio-9100-exec-6] o.s.s.w.a.AnonymousAuthenticationFilter - Set SecurityContextHolder to anonymous SecurityContext
2025-12-03 01:25:36.499 [/] DEBUG [http-nio-9100-exec-6] o.s.security.web.FilterChainProxy - Secured GET /h2-console/tree_sequence.gif
2025-12-03 01:25:36.502 [/] DEBUG [http-nio-9100-exec-4] o.s.security.web.FilterChainProxy - Securing GET /h2-console/tree_sequences.gif
2025-12-03 01:25:36.503 [/] DEBUG [http-nio-9100-exec-4] c.p.j.config.JwtAuthenticationFilter - Processing request: GET /h2-console/tree_sequences.gif
2025-12-03 01:25:36.503 [/] DEBUG [http-nio-9100-exec-4] c.p.j.config.JwtAuthenticationFilter - Skipping JWT filter completely for public path: /h2-console
2025-12-03 01:25:36.503 [/] DEBUG [http-nio-9100-exec-4] o.s.s.w.a.AnonymousAuthenticationFilter - Set SecurityContextHolder to anonymous SecurityContext
2025-12-03 01:25:36.504 [/] DEBUG [http-nio-9100-exec-4] o.s.security.web.FilterChainProxy - Secured GET /h2-console/tree_sequences.gif
2025-12-03 01:25:36.504 [/] DEBUG [http-nio-9100-exec-5] o.s.security.web.FilterChainProxy - Securing GET /h2-console/tree_users.gif
2025-12-03 01:25:36.504 [/] DEBUG [http-nio-9100-exec-5] c.p.j.config.JwtAuthenticationFilter - Processing request: GET /h2-console/tree_users.gif
2025-12-03 01:25:36.504 [/] DEBUG [http-nio-9100-exec-5] c.p.j.config.JwtAuthenticationFilter - Skipping JWT filter completely for public path: /h2-console
2025-12-03 01:25:36.504 [/] DEBUG [http-nio-9100-exec-5] o.s.s.w.a.AnonymousAuthenticationFilter - Set SecurityContextHolder to anonymous SecurityContext
2025-12-03 01:25:36.506 [/] DEBUG [http-nio-9100-exec-5] o.s.security.web.FilterChainProxy - Secured GET /h2-console/tree_users.gif
2025-12-03 01:25:36.511 [/] DEBUG [http-nio-9100-exec-2] o.s.security.web.FilterChainProxy - Securing GET /h2-console/tree_info.gif
2025-12-03 01:25:36.513 [/] DEBUG [http-nio-9100-exec-2] c.p.j.config.JwtAuthenticationFilter - Processing request: GET /h2-console/tree_info.gif
2025-12-03 01:25:36.513 [/] DEBUG [http-nio-9100-exec-2] c.p.j.config.JwtAuthenticationFilter - Skipping JWT filter completely for public path: /h2-console
2025-12-03 01:25:36.513 [/] DEBUG [http-nio-9100-exec-2] o.s.s.w.a.AnonymousAuthenticationFilter - Set SecurityContextHolder to anonymous SecurityContext
2025-12-03 01:25:36.513 [/] DEBUG [http-nio-9100-exec-2] o.s.security.web.FilterChainProxy - Secured GET /h2-console/tree_info.gif
2025-12-03 01:25:36.519 [/] DEBUG [http-nio-9100-exec-3] o.s.security.web.FilterChainProxy - Securing GET /h2-console/tree_user.gif
2025-12-03 01:25:36.519 [/] DEBUG [http-nio-9100-exec-3] c.p.j.config.JwtAuthenticationFilter - Processing request: GET /h2-console/tree_user.gif
2025-12-03 01:25:36.519 [/] DEBUG [http-nio-9100-exec-3] c.p.j.config.JwtAuthenticationFilter - Skipping JWT filter completely for public path: /h2-console
2025-12-03 01:25:36.519 [/] DEBUG [http-nio-9100-exec-3] o.s.s.w.a.AnonymousAuthenticationFilter - Set SecurityContextHolder to anonymous SecurityContext
2025-12-03 01:25:36.521 [/] DEBUG [http-nio-9100-exec-3] o.s.security.web.FilterChainProxy - Secured GET /h2-console/tree_user.gif
2025-12-03 01:25:50.025 [/] DEBUG [http-nio-9100-exec-1] o.s.security.web.FilterChainProxy - Securing POST /h2-console/query.do?jsessionid=585d541e9379970fdfe0faf361762082
2025-12-03 01:25:50.025 [/] DEBUG [http-nio-9100-exec-1] c.p.j.config.JwtAuthenticationFilter - Processing request: POST /h2-console/query.do
2025-12-03 01:25:50.025 [/] DEBUG [http-nio-9100-exec-1] c.p.j.config.JwtAuthenticationFilter - Skipping JWT filter completely for public path: /h2-console
2025-12-03 01:25:50.025 [/] DEBUG [http-nio-9100-exec-1] o.s.s.w.a.AnonymousAuthenticationFilter - Set SecurityContextHolder to anonymous SecurityContext
2025-12-03 01:25:50.025 [/] DEBUG [http-nio-9100-exec-1] o.s.security.web.FilterChainProxy - Secured POST /h2-console/query.do?jsessionid=585d541e9379970fdfe0faf361762082
2025-12-03 01:25:50.047 [/] DEBUG [http-nio-9100-exec-7] o.s.security.web.FilterChainProxy - Securing GET /h2-console/stylesheet.css
2025-12-03 01:25:50.047 [/] DEBUG [http-nio-9100-exec-10] o.s.security.web.FilterChainProxy - Securing GET /h2-console/table.js
2025-12-03 01:25:50.047 [/] DEBUG [http-nio-9100-exec-7] c.p.j.config.JwtAuthenticationFilter - Processing request: GET /h2-console/stylesheet.css
2025-12-03 01:25:50.047 [/] DEBUG [http-nio-9100-exec-7] c.p.j.config.JwtAuthenticationFilter - Skipping JWT filter completely for public path: /h2-console
2025-12-03 01:25:50.047 [/] DEBUG [http-nio-9100-exec-10] c.p.j.config.JwtAuthenticationFilter - Processing request: GET /h2-console/table.js
2025-12-03 01:25:50.047 [/] DEBUG [http-nio-9100-exec-10] c.p.j.config.JwtAuthenticationFilter - Skipping JWT filter completely for public path: /h2-console
2025-12-03 01:25:50.047 [/] DEBUG [http-nio-9100-exec-10] o.s.s.w.a.AnonymousAuthenticationFilter - Set SecurityContextHolder to anonymous SecurityContext
2025-12-03 01:25:50.047 [/] DEBUG [http-nio-9100-exec-7] o.s.s.w.a.AnonymousAuthenticationFilter - Set SecurityContextHolder to anonymous SecurityContext
2025-12-03 01:25:50.047 [/] DEBUG [http-nio-9100-exec-7] o.s.security.web.FilterChainProxy - Secured GET /h2-console/stylesheet.css
2025-12-03 01:25:50.047 [/] DEBUG [http-nio-9100-exec-10] o.s.security.web.FilterChainProxy - Secured GET /h2-console/table.js
2025-12-03 01:26:04.442 [/] DEBUG [http-nio-9100-exec-9] o.s.security.web.FilterChainProxy - Securing POST /h2-console/query.do?jsessionid=585d541e9379970fdfe0faf361762082
2025-12-03 01:26:04.442 [/] DEBUG [http-nio-9100-exec-9] c.p.j.config.JwtAuthenticationFilter - Processing request: POST /h2-console/query.do
2025-12-03 01:26:04.442 [/] DEBUG [http-nio-9100-exec-9] c.p.j.config.JwtAuthenticationFilter - Skipping JWT filter completely for public path: /h2-console
2025-12-03 01:26:04.442 [/] DEBUG [http-nio-9100-exec-9] o.s.s.w.a.AnonymousAuthenticationFilter - Set SecurityContextHolder to anonymous SecurityContext
2025-12-03 01:26:04.445 [/] DEBUG [http-nio-9100-exec-9] o.s.security.web.FilterChainProxy - Secured POST /h2-console/query.do?jsessionid=585d541e9379970fdfe0faf361762082
2025-12-03 01:26:04.458 [/] DEBUG [http-nio-9100-exec-4] o.s.security.web.FilterChainProxy - Securing GET /h2-console/stylesheet.css
2025-12-03 01:26:04.458 [/] DEBUG [http-nio-9100-exec-6] o.s.security.web.FilterChainProxy - Securing GET /h2-console/table.js
2025-12-03 01:26:04.460 [/] DEBUG [http-nio-9100-exec-4] c.p.j.config.JwtAuthenticationFilter - Processing request: GET /h2-console/stylesheet.css
2025-12-03 01:26:04.460 [/] DEBUG [http-nio-9100-exec-6] c.p.j.config.JwtAuthenticationFilter - Processing request: GET /h2-console/table.js
2025-12-03 01:26:04.460 [/] DEBUG [http-nio-9100-exec-4] c.p.j.config.JwtAuthenticationFilter - Skipping JWT filter completely for public path: /h2-console
2025-12-03 01:26:04.460 [/] DEBUG [http-nio-9100-exec-6] c.p.j.config.JwtAuthenticationFilter - Skipping JWT filter completely for public path: /h2-console
2025-12-03 01:26:04.460 [/] DEBUG [http-nio-9100-exec-6] o.s.s.w.a.AnonymousAuthenticationFilter - Set SecurityContextHolder to anonymous SecurityContext
2025-12-03 01:26:04.460 [/] DEBUG [http-nio-9100-exec-4] o.s.s.w.a.AnonymousAuthenticationFilter - Set SecurityContextHolder to anonymous SecurityContext
2025-12-03 01:26:04.460 [/] DEBUG [http-nio-9100-exec-4] o.s.security.web.FilterChainProxy - Secured GET /h2-console/stylesheet.css
2025-12-03 01:26:04.460 [/] DEBUG [http-nio-9100-exec-6] o.s.security.web.FilterChainProxy - Secured GET /h2-console/table.js
2025-12-03 01:29:58.372 [/] INFO  [SpringApplicationShutdownHook] o.s.o.j.LocalContainerEntityManagerFactoryBean - Closing JPA EntityManagerFactory for persistence unit 'default'
2025-12-03 01:29:58.372 [/] DEBUG [SpringApplicationShutdownHook] org.hibernate.SQL - drop table if exists _user cascade 
2025-12-03 01:29:58.375 [/] DEBUG [SpringApplicationShutdownHook] org.hibernate.SQL - drop table if exists token cascade 
2025-12-03 01:29:58.375 [/] DEBUG [SpringApplicationShutdownHook] org.hibernate.SQL - drop sequence if exists token_seq
2025-12-03 01:29:58.382 [/] INFO  [SpringApplicationShutdownHook] com.zaxxer.hikari.HikariDataSource - HikariPool-1 - Shutdown initiated...
2025-12-03 01:29:58.382 [/] INFO  [SpringApplicationShutdownHook] com.zaxxer.hikari.HikariDataSource - HikariPool-1 - Shutdown completed.
